#DR2Name,RA_ICRS,e_RA_ICRS,DE_ICRS,e_DE_ICRS,Source,Plx,e_Plx,RPlx,pmRA,e_pmRA,pmDE,e_pmDE,NgAL,chi2AL,Nper,Dup,FG,e_FG,Gmag,e_Gmag,FBP,e_FBP,BPmag,e_BPmag,FRP,e_FRP,RPmag,e_RPmag,BP-RP,RV,e_RV,Teff,AG,E(BP-RP),Rad,Lum,RAJ2000,DEJ2000
Gaia DR2 4239437599419697536,294.002651,0.0529,0.089531,0.04,4.2394375994197E+18,25.0875,0.0543,462.1612,-15.45,0.107,-384.428,0.077,146,159.45,11,0,21083000,5156.5,7.3785,3E-04,11039000,17884.0,7.744,0.0018,14015000,30787.0,6.8954,0.0024,0.8486,-13.02,0.2,5692.75,0.185,0.097,1.19,1.33,294.002718,0.091186
Gaia DR2 4275410252622589312,270.575276,0.0381,0.104416,0.04,4.27541025262259E+18,30.5213,0.0463,659.7926,177.922,0.077,52.135,0.071,155,324.92,11,0,19215000,5497.2,7.4793,3E-04,9913800,17011.0,7.8608,0.0019,12987000,18370.0,6.9782,0.0015,0.8826,-80.46,0.17,5552.0,0.059,0.0295,0.98,0.829,270.57451,0.104192
Gaia DR2 4381502851133968128,256.320004,0.055,0.701122,0.0406,4.38150285113397E+18,48.3994,0.0641,755.6119,-17.034,0.125,-334.144,0.082,462,3091.71,13,0,86298000,44319.0,5.8484,6E-04,47412000,59807.0,6.1617,0.0014,54371000,45530.0,5.4235,9E-04,0.7382,-16.84,0.16,6021.0,0.1007,0.0453,1.1,1.438,256.320078,0.70256
Gaia DR2 2510183229442059776,23.70451,0.0581,0.9436,0.0338,2.51018322944206E+18,27.071,0.0692,391.1837,209.889,0.084,-270.867,0.077,154,343.05,9,0,37453000,9955.7,6.7547,3E-04,20740000,56314.0,7.0594,0.0029,23103000,94138.0,6.3528,0.0044,0.7066,-22.47,0.16,6149.0,0.122,0.0663,1.24,1.987,23.703606,0.944766
Gaia DR2 2559181861327324928,21.334071,0.0701,1.460592,0.039,2.55918186132732E+18,25.0373,0.0839,298.2983,68.174,0.104,-61.608,0.081,133,227.84,9,0,24196000,6598.8,7.229,3E-04,12817000,33891.0,7.5819,0.0029,15950000,57602.0,6.755,0.0039,0.8269,1.03,0.21,5765.33,0.3165,0.161,1.24,1.525,21.333778,1.460858
Gaia DR2 4240035046551668736,295.624692,0.0534,1.586264,0.0306,4.24003504655167E+18,25.8333,0.0638,405.0752,159.992,0.099,-60.212,0.055,236,456.25,12,0,19381000,4248.0,7.4699,2E-04,10264000,8787.2,7.8231,9E-04,12748000,14720.0,6.9984,0.0013,0.8247,-61.39,0.14,5755.33,,,1.08,1.148,295.624002,1.586524
Gaia DR2 4375233191015944192,261.435968,0.0215,2.106322,0.021,4.37523319101594E+18,129.6231,0.0286,4527.1836,-580.207,0.054,-1184.726,0.047,285,539.13,12,0,31969000,12253.0,6.9265,4E-04,10756000,16190.0,7.7722,0.0016,30342000,34408.0,6.0568,0.0012,1.7154,,,4077.08,0.681,0.2945,0.69,0.12,261.438468,2.111423
Gaia DR2 3835743693290649728,152.346747,0.0479,2.371054,0.0554,3.83574369329065E+18,27.8187,0.0529,525.6494,-202.943,0.085,-6.783,0.094,102,228.2,8,1,21120000,5941.8,7.3767,3E-04,11206000,25011.0,7.7278,0.0024,13774000,34068.0,6.9143,0.0027,0.8135,-17.43,0.29,5798.0,0.1015,0.0515,1.03,1.076,152.347621,2.371083
Gaia DR2 3811594088617869056,167.416389,0.0572,2.456412,0.0489,3.81159408861787E+18,33.9454,0.0697,486.998,-277.586,0.096,38.448,0.084,106,190.72,9,1,19159000,4917.3,7.4824,3E-04,9621100,24161.0,7.8933,0.0027,13270000,38545.0,6.9547,0.0032,0.9386,10.19,0.23,5434.67,0.087,0.0375,0.93,0.676,167.417585,2.456247
Gaia DR2 4468557611977674496,271.365866,0.2167,2.494347,0.19,4.46855761197767E+18,195.2166,0.1012,1929.9559,334.071,0.383,-1069.285,0.305,100,840.05,7,0,118610000,203350.0,5.5031,0.0019,44503000,121720.0,6.2304,0.003,100820000,441150.0,4.7531,0.0048,1.4774,,,4442.5,0.374,0.1673,0.68,0.162,271.364426,2.498951
Gaia DR2 4423865487962417024,236.007394,0.052,2.514578,0.0396,4.42386548796242E+18,67.7057,0.0659,1026.7432,-42.787,0.118,-136.857,0.104,206,1097.34,12,0,100850000,82954.0,5.6792,9E-04,52332000,100930.0,6.0545,0.0021,66301000,223290.0,5.2081,0.0037,0.8463,19.12,0.15,5698.33,0.0997,0.0427,0.96,0.873,236.007579,2.515167
Gaia DR2 3812355294261019904,171.689687,0.2243,3.007133,0.0987,3.81235529426102E+18,54.9057,0.1734,316.5943,-728.277,0.588,188.526,0.275,77,103.88,7,1,23514000,8902.1,7.26,4E-04,10430000,22517.0,7.8057,0.0023,18028000,48169.0,6.622,0.0029,1.1836,3.51,0.17,4800.5,0.206,0.094,0.86,0.357,171.692827,3.006321
Gaia DR2 4279461609366875520,282.951735,0.0539,3.030417,0.0776,4.27946160936688E+18,36.4313,0.0916,397.7305,-5.857,0.095,-140.211,0.093,121,216.18,8,0,21959000,7255.1,7.3343,4E-04,11384000,20587.0,7.7107,0.002,14697000,51741.0,6.8438,0.0038,0.8669,-17.42,0.21,5674.33,0.025,0.0117,0.84,0.658,282.95176,3.031021
Gaia DR2 4247023886053586304,300.695634,0.0476,3.326699,0.0234,4.24702388605359E+18,78.6238,0.0617,1274.6732,-90.29,0.096,119.506,0.055,264,284.04,12,0,28183000,6807.8,7.0634,3E-04,11533000,13095.0,7.6966,0.0012,23308000,37824.0,6.3431,0.0018,1.3534,-30.47,0.13,4650.0,,,0.72,0.219,300.696023,3.326185
Gaia DR2 581100382135253760,132.301564,0.0513,3.485014,0.0379,5.81100382135254E+17,32.9432,0.0652,505.121,-148.388,0.104,60.034,0.068,271,469.01,12,0,23022000,11314.0,7.283,5E-04,12002000,24305.0,7.6532,0.0022,15394000,21675.0,6.7936,0.0015,0.8597,10.23,0.13,5699.33,0.1192,0.046,0.94,0.842,132.302204,3.484756
Gaia DR2 1157737335472646016,221.568185,0.0479,3.503812,0.0471,1.15773733547265E+18,24.4148,0.0566,431.3119,17.285,0.09,-58.361,0.093,95,272.49,9,0,23914000,10012.0,7.2417,5E-04,13241000,30938.0,7.5466,0.0025,14991000,22812.0,6.8223,0.0017,0.7243,22.79,0.18,6057.67,0.0583,0.0213,1.14,1.564,221.56811,3.504063
Gaia DR2 2695668504585758592,329.617354,0.085,3.776341,0.0992,2.69566850458576E+18,26.0688,0.1032,252.6418,-246.072,0.154,-125.404,0.173,99,762.8,6,0,36017000,8168.5,6.7971,2E-04,19495000,52767.0,7.1266,0.0029,22963000,71201.0,6.3593,0.0034,0.7672,30.26,1.83,6009.5,0.3247,0.1622,1.33,2.07,329.618416,3.776881
Gaia DR2 2704678521338819840,340.961976,0.0588,3.888279,0.0383,2.70467852133882E+18,22.9686,0.0657,349.8565,150.439,0.082,333.786,0.071,133,352.91,8,0,23255000,16539.0,7.2721,8E-04,13050000,27379.0,7.5624,0.0023,14921000,29327.0,6.8274,0.0021,0.7349,-33.79,0.15,6136.25,0.0787,0.0555,1.16,1.714,340.961326,3.886842
Gaia DR2 4433711099194059904,247.616697,0.0315,4.172225,0.0246,4.43371109919406E+18,23.3815,0.0433,539.4406,-435.577,0.059,-1393.258,0.045,262,489.98,13,0,26773000,5150.3,7.1191,2E-04,14701000,14493.0,7.433,0.0011,17026000,16676.0,6.6841,0.0011,0.7489,-47.57,0.22,5944.0,0.2165,0.1297,1.31,1.917,247.618578,4.178223
Gaia DR2 4290328769993455744,296.489245,0.042,4.248399,0.0304,4.29032876999346E+18,34.2663,0.0515,664.8707,75.873,0.078,-11.556,0.065,264,742.2,12,1,34068000,19735.0,6.8575,6E-04,18340000,43957.0,7.1929,0.0026,22030000,75882.0,6.4044,0.0037,0.7885,-6.67,0.18,5910.5,0.0887,0.0525,1.02,1.138,296.488918,4.248449
Gaia DR2 4281201414717499520,284.154875,0.0467,4.264764,0.0433,4.2812014147175E+18,37.5643,0.0532,706.7423,-2.236,0.085,-84.711,0.072,124,203.79,9,0,44700000,21548.0,6.5626,5E-04,24468000,50672.0,6.8799,0.0022,28131000,59265.0,6.1389,0.0023,0.741,10.13,0.21,6039.0,0.032,0.0167,1.02,1.236,284.154884,4.265129
Gaia DR2 4391793627134797952,257.843859,0.037,4.690276,0.0269,4.3917936271348E+18,23.1805,0.0458,506.0378,-57.605,0.075,0.454,0.055,462,998.33,12,1,41489000,6428.2,6.6435,2E-04,23167000,21764.0,6.9392,0.001,25664000,23210.0,6.2386,0.001,0.7006,-33.45,0.15,6164.5,0.3845,0.171,1.52,3.001,257.844107,4.690274
Gaia DR2 3897069641524877184,175.529567,0.0452,4.747486,0.0344,3.89706964152488E+18,26.1374,0.0547,478.0018,-229.716,0.086,33.38,0.06,150,401.44,10,0,26496000,7054.2,7.1304,3E-04,14390000,18443.0,7.4563,0.0014,16801000,52734.0,6.6986,0.0034,0.7577,21.54,0.2,5976.0,0.0698,0.0343,1.15,1.516,175.53056,4.747342
Gaia DR2 3317901165746471552,94.316293,0.0996,5.100691,0.0973,3.31790116574647E+18,51.8027,0.1113,465.2998,-211.744,0.194,165.945,0.174,159,2028.11,11,0,114870000,148510.0,5.5379,0.0014,60913000,317270.0,5.8896,0.0057,73051000,314440.0,5.1029,0.0047,0.7868,8.93,0.27,5907.0,0.162,0.082,1.24,1.679,94.317208,5.099977
Gaia DR2 3705830175356997632,192.36338,0.0363,5.171849,0.0262,3.705830175357E+18,18.7952,0.0475,395.9298,118.235,0.109,-68.747,0.052,360,676.07,13,0,20344000,3313.0,7.4173,2E-04,11265000,9300.7,7.722,9E-04,12736000,16647.0,6.9994,0.0014,0.7227,-6.19,0.18,6102.0,0.2182,0.114,1.34,2.242,192.362869,5.172145
Gaia DR2 3900151160300881536,185.632765,0.0419,5.305223,0.0254,3.90015116030088E+18,33.3249,0.0493,675.4143,-168.418,0.105,-52.006,0.053,201,419.95,10,0,55782000,13257.0,6.3221,3E-04,30961000,45090.0,6.6244,0.0016,34489000,78559.0,5.9177,0.0025,0.7066,5.05,0.17,6084.5,0.065,0.0377,1.26,1.956,185.633493,5.305447
Gaia DR2 3852570413083923072,142.476263,0.0468,5.655599,0.0402,3.85257041308392E+18,78.229,0.0473,1653.338,-502.932,0.09,108.15,0.074,105,162.58,8,0,33505000,15388.0,6.8756,5E-04,14600000,25919.0,7.4405,0.0019,25952000,126780.0,6.2265,0.0053,1.214,29.71,0.27,4749.17,0.163,0.079,0.75,0.255,142.478439,5.655133
Gaia DR2 594641009565720192,129.933278,0.0387,5.76298,0.0318,5.9464100956572E+17,28.0652,0.0474,591.5936,177.581,0.079,-292.825,0.059,305,593.6,13,0,27427000,4692.8,7.0929,2E-04,14912000,10166.0,7.4175,7E-04,17581000,20417.0,6.6493,0.0013,0.7682,-20.59,0.2,5925.75,0.087,0.0457,1.11,1.364,129.932509,5.764241
Gaia DR2 3909362834358280576,174.752719,0.0516,6.057387,0.0481,3.90936283435828E+18,28.8021,0.0634,454.084,-335.699,0.114,-119.946,0.121,124,236.64,9,0,20003000,5859.8,7.4356,3E-04,10529000,15916.0,7.7954,0.0016,13178000,21549.0,6.9623,0.0018,0.8331,24.0,0.2,5744.0,0.0615,0.025,0.99,0.954,174.754172,6.057903
Gaia DR2 2520146866373897472,32.635471,0.0407,6.098874,0.0331,2.5201468663739E+18,18.0533,0.0426,423.9319,110.573,0.084,8.961,0.073,124,229.79,10,0,23965000,6809.4,7.2394,3E-04,13317000,18893.0,7.5403,0.0015,14852000,31126.0,6.8325,0.0023,0.7079,22.53,0.23,6102.0,0.389,0.1855,1.51,2.863,32.634993,6.098835
Gaia DR2 3333089308269177600,84.40492,0.0438,6.111618,0.0406,3.33308930826918E+18,20.0625,0.052,385.908,92.789,0.078,-89.767,0.069,138,276.13,10,1,18888000,6061.0,7.4979,3E-04,10437000,17899.0,7.8049,0.0019,11846000,22292.0,7.078,0.002,0.7269,47.53,0.21,6090.0,0.204,0.1085,1.21,1.827,84.404519,6.112005
Gaia DR2 3285218186904332288,63.869527,0.0443,6.186399,0.037,3.28521818690433E+18,45.2758,0.0542,835.7451,-109.7,0.095,-107.368,0.079,146,473.64,10,0,64857000,30876.0,6.1585,5E-04,35357000,81055.0,6.4802,0.0025,40880000,62700.0,5.7331,0.0017,0.7471,-7.21,0.15,6052.0,0.0287,0.014,1.01,1.234,63.870002,6.186861
Gaia DR2 3285218255623808640,63.857006,0.0374,6.19917,0.0272,3.28521825562381E+18,45.2404,0.0449,1007.619,-101.763,0.08,-111.982,0.055,180,332.75,10,0,37175000,17232.0,6.7627,5E-04,19236000,32303.0,7.1411,0.0018,24860000,57028.0,6.2732,0.0025,0.8679,-7.93,0.16,5648.0,0.068,0.0335,0.89,0.724,63.857446,6.199653
Gaia DR2 594989417312890368,128.963019,0.0419,6.622175,0.0266,5.9498941731289E+17,38.6528,0.0523,739.7233,-136.543,0.088,-138.166,0.051,345,646.86,11,1,29639000,7357.3,7.0087,3E-04,15268000,19652.0,7.3919,0.0014,20013000,22366.0,6.5087,0.0012,0.8832,28.75,0.14,5567.5,0.0165,0.009,0.96,0.796,128.963611,6.62277
Gaia DR2 3319126988068404096,93.003217,0.0344,6.781974,0.0362,3.3191269880684E+18,41.0627,0.0416,987.6355,197.304,0.066,-254.848,0.06,173,326.09,11,0,40007000,11731.0,6.683,3E-04,21070000,63903.0,7.0422,0.0033,26038000,78215.0,6.2229,0.0033,0.8194,-53.52,0.14,5830.0,0.079,0.038,0.95,0.934,93.002362,6.783071
Gaia DR2 19316224572460416,39.028135,0.1017,6.893134,0.1095,1.93162245724604E+16,138.2084,0.1436,962.212,1777.432,0.2,1474.053,0.191,120,1283.24,9,0,121390000,220740.0,5.4779,0.002,52731000,172780.0,6.0462,0.0036,93406000,345530.0,4.836,0.004,1.2102,25.23,0.13,4762.07,0.029,0.041,0.8,0.294,39.020427,6.886787
Gaia DR2 4475028306629554944,271.466726,0.0448,7.090202,0.078,4.47502830662956E+18,21.0145,0.083,253.1454,-208.928,0.088,-103.651,0.102,97,223.9,7,0,18939000,5402.0,7.495,3E-04,10172000,14015.0,7.8329,0.0015,12338000,16977.0,7.0338,0.0015,0.7991,28.85,0.17,5853.0,0.296,0.148,1.26,1.686,271.467632,7.090649
Gaia DR2 3865002247461685248,164.127215,0.0311,7.388141,0.029,3.86500224746168E+18,57.7619,0.0343,1684.4744,-257.01,0.065,-77.508,0.053,167,244.89,10,0,27270000,12368.0,7.0991,5E-04,12595000,31657.0,7.6009,0.0027,20269000,50315.0,6.4948,0.0027,1.106,5.34,0.13,5019.79,0.148,0.072,0.79,0.355,164.128331,7.388475
Gaia DR2 10584899657116672,49.360666,0.0357,7.655784,0.0275,1.05848996571167E+16,21.147,0.041,515.9772,166.36,0.071,-6.237,0.062,170,381.97,10,0,23704000,8208.4,7.2513,4E-04,13084000,29103.0,7.5595,0.0024,14830000,50300.0,6.8341,0.0037,0.7254,31.35,0.2,6102.0,0.253,0.144,1.29,2.063,49.359943,7.655811
Gaia DR2 596878550087942528,133.068952,0.0515,8.061907,0.0329,5.96878550087943E+17,43.4489,0.0768,565.8863,151.386,0.11,-234.797,0.06,401,2297.7,12,0,51630000,12016.0,6.4061,3E-04,27491000,22134.0,6.7534,9E-04,33612000,33105.0,5.9457,0.0011,0.8077,-5.09,5.94,5821.5,0.089,0.0495,1.02,1.077,133.068294,8.062918
Gaia DR2 3326288347818354048,97.403612,0.0502,8.492373,0.0509,3.32628834781835E+18,20.4293,0.053,385.6683,-16.868,0.094,-14.516,0.087,137,282.3,11,0,19265000,11179.0,7.4764,6E-04,10740000,30254.0,7.7738,0.0031,11938000,37455.0,7.0696,0.0034,0.7043,45.08,0.31,6106.0,0.157,0.077,1.2,1.797,97.403685,8.492435
Gaia DR2 1167718049194619136,226.885852,0.0409,9.225195,0.0537,1.16771804919462E+18,30.4846,0.0478,637.4139,-190.625,0.08,30.457,0.106,140,307.36,9,0,21390000,15777.0,7.3628,8E-04,11226000,25500.0,7.7259,0.0025,14287000,30379.0,6.8746,0.0023,0.8513,-35.25,0.23,5692.25,0.079,0.0272,0.98,0.914,226.886683,9.225064
Gaia DR2 1167718049194619264,226.886423,0.0432,9.226133,0.0563,1.16771804919462E+18,30.402,0.0547,556.0267,-194.987,0.09,23.014,0.129,115,288.32,8,0,25437000,15724.0,7.1747,7E-04,13490000,45708.0,7.5263,0.0037,16670000,44060.0,6.7071,0.0029,0.8192,-34.26,0.23,5793.25,0.099,0.0495,1.03,1.086,226.887274,9.226034
Gaia DR2 3146303001634267392,121.125533,0.079,9.267991,0.0506,3.14630300163427E+18,33.5328,0.0975,344.0568,271.792,0.164,13.073,0.104,236,1452.38,12,0,27656000,5549.2,7.0839,2E-04,14752000,13383.0,7.4293,0.001,18073000,36691.0,6.6193,0.0022,0.8099,-55.44,2.0,5823.33,0.0298,0.0145,0.97,0.969,121.124347,9.267935
Gaia DR2 2579772969631487360,17.726595,0.0668,9.564933,0.0326,2.57977296963149E+18,25.2831,0.0615,411.1944,95.262,0.132,238.833,0.069,130,231.35,7,0,27961000,9057.1,7.072,4E-04,15260000,39929.0,7.3925,0.0028,17933000,116810.0,6.6278,0.0071,0.7647,9.28,0.23,5907.85,0.151,0.0775,1.25,1.715,17.726179,9.563905
Gaia DR2 3148814698509975936,116.885421,0.0412,9.633217,0.0216,3.14881469850998E+18,22.5716,0.0428,527.1729,-44.503,0.078,152.564,0.04,281,636.16,12,0,31615000,5724.3,6.9386,2E-04,17430000,16908.0,7.2481,0.0011,19851000,49949.0,6.5175,0.0027,0.7307,,,6034.25,0.189,0.1303,1.42,2.421,116.885616,9.63256
Gaia DR2 1174143182830505984,222.758699,0.0474,9.723912,0.0363,1.17414318283051E+18,33.2524,0.0545,610.6711,-216.298,0.078,56.482,0.078,132,266.39,9,0,22181000,15280.0,7.3234,7E-04,11289000,43269.0,7.7197,0.0042,15025000,56942.0,6.8199,0.0041,0.8998,-36.09,0.19,5587.0,0.017,0.0127,0.96,0.803,222.759644,9.723669
Gaia DR2 2759831021020366848,356.576239,0.0298,9.784289,0.0234,2.75983102102037E+18,23.3144,0.0425,548.0122,-50.57,0.08,-182.066,0.043,419,900.19,13,1,22132000,3706.4,7.3258,2E-04,12105000,8310.8,7.644,7E-04,14126000,18101.0,6.8868,0.0014,0.7571,5.73,0.15,6017.0,0.0693,0.0347,1.16,1.589,356.57646,9.785073
Gaia DR2 3905603054348141440,183.373058,0.0444,10.04043,0.028,3.90560305434814E+18,26.1595,0.0537,487.2352,22.863,0.092,-280.009,0.053,318,534.67,12,0,23454000,3864.7,7.2628,2E-04,12666000,11559.0,7.5948,0.001,15158000,16333.0,6.8103,0.0012,0.7845,15.64,0.14,5888.25,0.0697,0.0377,1.11,1.345,183.372958,10.041636
Gaia DR2 1167838720595878400,227.085505,0.045,10.113796,0.0526,1.16783872059588E+18,20.0311,0.0663,302.3099,-57.63,0.092,-20.825,0.112,120,280.38,9,0,24307000,7309.4,7.224,3E-04,13430000,47439.0,7.5312,0.0038,15088000,31880.0,6.8154,0.0023,0.7158,4.33,0.19,6132.5,0.2667,0.1228,1.36,2.356,227.085757,10.113886
Gaia DR2 1165262633571848064,234.497293,0.0385,10.238333,0.032,1.16526263357185E+18,20.8207,0.0514,405.1364,129.818,0.08,-358.765,0.079,218,842.03,11,0,31758000,16746.0,6.9337,6E-04,17758000,33204.0,7.2279,0.002,19904000,71441.0,6.5146,0.0039,0.7133,37.29,0.19,5985.95,0.436,0.221,1.57,2.863,234.496725,10.239877
Gaia DR2 4492471268326460416,264.208523,0.0369,10.574493,0.0391,4.49247126832646E+18,27.9376,0.0514,543.4123,-148.635,0.132,-8.889,0.101,147,214.67,10,0,27093000,7563.4,7.1062,3E-04,14166000,31029.0,7.4733,0.0024,17952000,54859.0,6.6266,0.0033,0.8467,-76.69,0.13,5754.5,0.312,0.151,1.18,1.373,264.209174,10.574532
Gaia DR2 24340923991956352,36.546565,0.04,10.636692,0.0332,2.43409239919564E+16,28.2596,0.0424,666.2418,83.62,0.086,-258.153,0.072,133,241.5,10,0,25508000,7500.7,7.1717,3E-04,13949000,44907.0,7.4901,0.0035,16167000,36517.0,6.7403,0.0025,0.7497,-0.12,0.23,5999.75,0.056,0.0213,1.03,1.248,36.546199,10.637804
Gaia DR2 3906535027891367040,183.304703,0.0531,10.819115,0.0323,3.90653502789137E+18,27.0719,0.0643,420.7128,9.482,0.104,-590.23,0.062,221,390.19,12,0,20788000,3849.2,7.3939,2E-04,10922000,9351.6,7.7557,9E-04,13805000,17592.0,6.9118,0.0014,0.8438,-24.4,0.13,5690.0,0.1347,0.0803,1.09,1.127,183.304661,10.821656
Gaia DR2 4444857157801998080,255.068634,0.0315,10.822376,0.0267,4.444857157802E+18,23.6819,0.0369,641.9208,95.431,0.067,-100.909,0.054,267,518.93,14,0,24180000,5891.8,7.2297,3E-04,13239000,16253.0,7.5467,0.0013,15345000,27402.0,6.797,0.0019,0.7497,-1.45,0.18,5954.33,0.0893,0.05,1.22,1.687,255.068216,10.822811
Gaia DR2 1166216253750406144,233.181862,0.038,10.968982,0.0412,1.16621625375041E+18,33.295,0.0585,569.1221,-5.939,0.089,158.432,0.122,184,405.53,11,0,28359000,6722.4,7.0566,3E-04,14960000,27113.0,7.414,0.002,18563000,61086.0,6.5903,0.0036,0.8237,-35.67,0.16,5733.5,0.085,0.045,1.02,1.013,233.181888,10.9683
Gaia DR2 4314798744888764544,292.193231,0.0348,11.026862,0.0279,4.31479874488876E+18,24.4465,0.0474,515.4095,-11.151,0.067,-28.033,0.056,244,446.54,12,0,22635000,4403.5,7.3014,2E-04,12296000,11467.0,7.627,0.001,14472000,17696.0,6.8606,0.0013,0.7664,-40.64,0.13,5971.67,0.113,0.056,1.14,1.481,292.19328,11.026983
Gaia DR2 613075249718020736,147.450785,0.0499,11.106124,0.0559,6.13075249718021E+17,22.7076,0.056,405.2343,-304.102,0.1,-70.365,0.098,97,269.68,7,0,20497000,18062.0,7.4092,0.001,10850000,40653.0,7.7628,0.0041,13422000,132780.0,6.9424,0.0107,0.8205,16.43,13.46,5810.67,0.1513,0.084,1.24,1.567,147.452119,11.106427
Gaia DR2 1177532908459199488,216.024305,0.0675,11.24696,0.0702,1.1775329084592E+18,26.2866,0.0979,268.6319,65.592,0.146,-0.868,0.108,130,171.4,7,0,23192000,15071.0,7.275,7E-04,12800000,26853.0,7.5833,0.0023,14609000,47942.0,6.8504,0.0036,0.733,-0.05,0.92,5913.55,0.0255,0.0105,1.09,1.316,216.024017,11.246964
Gaia DR2 602079652404802688,129.961153,0.0426,11.520517,0.0301,6.02079652404803E+17,54.1593,0.0508,1066.4861,-109.25,0.089,-500.555,0.058,419,655.5,13,1,21716000,2631.2,7.3464,1E-04,10316000,6036.6,7.8176,6E-04,15965000,14076.0,6.754,0.001,1.0636,-11.88,0.15,5039.17,0.1417,0.084,0.74,0.32,129.961633,11.522672
Gaia DR2 3352152743956693376,99.390922,0.0415,12.179334,0.0411,3.35215274395669E+18,37.4978,0.0482,777.9772,-74.798,0.082,-284.085,0.073,130,292.78,11,0,41138000,13947.0,6.6528,4E-04,21118000,40257.0,7.0398,0.0021,27573000,106400.0,6.1607,0.0042,0.8791,49.53,0.14,5618.0,0.1755,0.09,1.14,1.169,99.391252,12.180557
Gaia DR2 3340966243931480448,82.215552,0.1907,12.549909,0.1473,3.34096624393148E+18,33.7239,0.1964,171.742,84.999,0.37,-214.95,0.259,143,2433.82,10,0,43987000,9506.1,6.58,2E-04,24131000,34148.0,6.895,0.0015,27828000,38349.0,6.1507,0.0015,0.7443,10.22,0.26,5989.87,0.034,0.016,1.14,1.511,82.215177,12.550835
Gaia DR2 3886688327612984704,154.587496,0.0471,12.620939,0.0367,3.88668832761298E+18,31.211,0.0511,611.2357,-272.38,0.09,-39.416,0.073,115,290.01,8,0,33735000,10520.0,6.8682,3E-04,18324000,34152.0,7.1938,0.002,21216000,102370.0,6.4453,0.0052,0.7485,23.29,0.19,5977.75,0.0753,0.0445,1.08,1.354,154.588698,12.621109
Gaia DR2 2733790256348020608,334.316842,0.0523,12.898915,0.0468,2.73379025634802E+18,32.6903,0.0516,633.6416,850.124,0.08,98.643,0.077,114,247.64,8,0,33279000,7336.5,6.8829,2E-04,17955000,26697.0,7.2159,0.0016,21430000,45805.0,6.4344,0.0023,0.7816,-25.39,0.18,5883.5,0.0343,0.019,1.06,1.223,334.313088,12.89849
Gaia DR2 1761037029171296000,311.907894,0.0347,12.986401,0.033,1.7610370291713E+18,24.7745,0.0428,578.4565,23.028,0.066,36.737,0.052,389,725.88,13,1,23080000,3131.1,7.2803,1E-04,12523000,10503.0,7.6071,9E-04,14851000,16317.0,6.8325,0.0012,0.7746,-33.17,0.13,5820.1,0.113,0.0567,1.2,1.481,311.907793,12.986243
Gaia DR2 3353254695123859456,103.662565,0.0894,13.175832,0.0742,3.35325469512386E+18,33.3308,0.0847,393.4725,89.234,0.207,-77.171,0.153,70,125.08,7,0,19232000,11612.0,7.4783,7E-04,10037000,54891.0,7.8474,0.0059,13025000,80331.0,6.975,0.0067,0.8724,,,5582.71,0.118,0.059,0.89,0.694,103.66217,13.176164
Gaia DR2 4464207428577214464,243.327612,0.0241,13.526227,0.0204,4.46420742857721E+18,41.2592,0.0352,1173.2627,193.921,0.046,-422.524,0.037,285,523.39,15,0,23785000,4027.6,7.2476,2E-04,11936000,13691.0,7.6593,0.0012,16527000,32087.0,6.7164,0.0021,0.9428,18.51,0.17,5462.67,0.0945,0.042,0.84,0.566,243.326754,13.528046
Gaia DR2 4508601275714721152,278.0441,0.0288,13.737092,0.0367,4.50860127571472E+18,38.2327,0.0387,988.8207,112.414,0.062,122.644,0.073,208,311.44,12,0,29301000,6214.7,7.0211,2E-04,15258000,21298.0,7.3926,0.0015,19519000,29600.0,6.5358,0.0016,0.8568,-46.27,0.17,5667.33,0.017,0.009,0.93,0.798,278.043602,13.736564
Gaia DR2 3968325657226210048,166.899217,0.0408,13.859267,0.0309,3.96832565722621E+18,20.0396,0.0408,491.6944,-364.528,0.087,103.705,0.066,151,357.15,10,0,25478000,7507.1,7.173,3E-04,14105000,27724.0,7.478,0.0021,15716000,50257.0,6.7711,0.0035,0.7069,36.16,0.17,6140.0,0.132,0.068,1.39,2.467,166.900833,13.858821
Gaia DR2 3391729905511044864,75.584553,0.0564,13.909801,0.0365,3.39172990551104E+18,26.9221,0.0548,491.5727,-11.02,0.113,-101.543,0.069,163,354.3,10,0,21429000,5132.2,7.3609,3E-04,11654000,13542.0,7.6852,0.0013,13786000,20859.0,6.9133,0.0016,0.7718,28.06,0.15,5939.1,0.0492,0.0262,1.02,1.158,75.584602,13.910238
Gaia DR2 2815542965962559488,347.48738,0.0454,14.426186,0.0379,2.81554296596256E+18,39.7915,0.0561,708.6874,-120.665,0.087,-85.656,0.076,124,458.95,7,0,52033000,36405.0,6.3977,8E-04,28053000,73297.0,6.7314,0.0028,33459000,62199.0,5.9506,0.002,0.7808,-18.37,8.28,5886.0,0.109,0.048,1.09,1.29,347.487916,14.426554
Gaia DR2 2815678171532956288,346.381536,0.0488,14.452065,0.0315,2.81567817153296E+18,25.0443,0.0522,480.0889,386.399,0.109,91.05,0.059,141,290.52,8,0,31346000,7269.6,6.9479,3E-04,17042000,26093.0,7.2726,0.0017,19882000,33085.0,6.5158,0.0018,0.7568,-49.34,0.25,5952.5,0.1925,0.106,1.32,1.956,346.379818,14.451673
Gaia DR2 1772187382746856320,326.131571,0.0507,14.771452,0.0523,1.77218738274686E+18,55.1631,0.0608,907.6346,231.086,0.103,-113.134,0.099,145,715.45,9,0,89329000,108850.0,5.8109,0.0013,48388000,335530.0,6.1395,0.0075,57000000,149780.0,5.3722,0.0029,0.7673,-17.18,0.17,5955.0,0.06,0.03,1.01,1.149,326.130542,14.77194
Gaia DR2 4501418784715701248,269.695445,0.0261,14.84292,0.0309,4.5014187847157E+18,19.5801,0.0343,570.0967,-39.615,0.058,-114.609,0.058,204,413.41,12,0,28146000,6984.5,7.0648,3E-04,15640000,37573.0,7.3658,0.0026,17424000,35858.0,6.659,0.0022,0.7068,-1.88,0.19,6111.67,0.351,0.179,1.51,2.857,269.695621,14.843414
Gaia DR2 1231250992143084800,210.736683,0.0793,14.975358,0.0782,1.23125099214308E+18,37.6057,0.1016,370.0987,-57.174,0.16,2.195,0.154,130,1003.75,9,0,32259000,8361.9,6.9167,3E-04,16216000,27045.0,7.3265,0.0018,22296000,86954.0,6.3914,0.0042,0.9351,16.6,8.23,5435.67,0.2387,0.1217,1.09,0.928,210.736938,14.975349
Gaia DR2 1192813951126183808,238.002049,0.0294,15.235371,0.0223,1.19281395112618E+18,31.5951,0.0409,772.3148,-56.821,0.052,-128.422,0.039,377,771.62,14,0,25774000,3843.3,7.1604,2E-04,13944000,10243.0,7.4904,8E-04,16565000,14815.0,6.714,0.001,0.7765,-23.18,0.14,5900.0,0.068,0.041,0.96,1.013,238.002302,15.235923
Gaia DR2 3887696579776144512,155.681323,0.0369,15.344018,0.0326,3.88769657977614E+18,34.4535,0.0409,841.6251,-267.305,0.072,-90.061,0.061,142,268.21,9,0,25485000,8539.2,7.1726,4E-04,13638000,89173.0,7.5145,0.0071,16908000,103620.0,6.6917,0.0067,0.8228,19.77,0.19,5602.37,0.0747,0.0295,0.98,0.859,155.682516,15.344405
Gaia DR2 2817129458162461056,348.451074,0.0358,15.367325,0.0288,2.81712945816246E+18,21.6892,0.0465,466.1691,23.481,0.071,-71.431,0.059,168,283.52,9,0,24107000,5856.1,7.233,3E-04,13400000,24396.0,7.5336,0.002,14869000,38713.0,6.8312,0.0028,0.7024,-2.77,0.2,6160.75,0.1463,0.079,1.24,1.992,348.450969,15.367633
Gaia DR2 3934198156329809152,190.2775,0.0692,15.375072,0.1143,3.93419815632981E+18,70.8894,0.1099,644.7607,107.744,0.227,-370.658,0.343,95,150.98,8,1,18862000,6967.9,7.4994,4E-04,7620100,10029.0,8.1465,0.0014,15827000,26227.0,6.7634,0.0018,1.383,24.16,0.18,4582.77,,,0.68,0.184,190.277019,15.376668
Gaia DR2 3312751882209460864,66.524886,0.0694,15.524234,0.0347,3.31275188220946E+18,22.4121,0.0763,293.6423,131.019,0.236,-24.151,0.1,384,1453.5,9,1,21928000,5992.5,7.3359,3E-04,12170000,10978.0,7.6381,0.001,13750000,9146.0,6.9162,7E-04,0.7219,42.73,0.15,6099.0,0.052,0.0173,1.17,1.7,66.5243,15.524338
Gaia DR2 3345968334645285376,91.668119,0.0533,15.54166,0.0512,3.34596833464528E+18,63.3684,0.0551,1150.2839,-120.637,0.098,-103.519,0.083,103,134.39,10,0,46310000,40841.0,6.5242,0.001,22505000,134550.0,6.9707,0.0065,32594000,222240.0,5.9791,0.0074,0.9916,-9.97,0.18,5306.0,0.052,0.0273,0.82,0.477,91.668658,15.542105
Gaia DR2 1186966374628267648,225.636733,0.063,16.05542,0.0756,1.18696637462827E+18,26.0289,0.0862,302.0537,-228.903,0.106,78.944,0.138,140,503.96,9,0,33947000,9359.0,6.8613,3E-04,18407000,43065.0,7.1889,0.0025,21292000,77845.0,6.4414,0.004,0.7475,-36.37,0.32,5970.5,0.167,0.085,1.31,1.96,225.637759,16.05508
Gaia DR2 34959010860594176,43.82344,0.0557,16.30899,0.0532,3.49590108605942E+16,37.2249,0.0722,515.6927,204.316,0.152,-46.601,0.129,113,191.7,8,0,24618000,6948.2,7.2102,3E-04,12513000,22809.0,7.608,0.002,16730000,59381.0,6.7032,0.0039,0.9048,-1.2,0.17,5608.0,0.118,0.054,0.89,0.71,43.822523,16.30919
Gaia DR2 1809456806859123584,302.392943,0.0236,16.806522,0.0173,1.80945680685912E+18,40.2763,0.0363,1108.206,2.823,0.048,175.828,0.035,414,552.89,14,0,19575000,2682.1,7.4591,1E-04,9666500,9248.2,7.8882,0.001,13830000,18571.0,6.9098,0.0015,0.9784,-30.89,0.13,5363.5,0.025,0.012,0.81,0.495,302.39293,16.805765
Gaia DR2 4513971290539167616,285.860278,0.026,17.067088,0.0298,4.51397129053917E+18,22.5994,0.0373,606.1849,-119.612,0.052,-62.441,0.058,285,478.68,14,0,19713000,4360.4,7.4515,2E-04,10635000,14366.0,7.7846,0.0015,12692000,20378.0,7.0031,0.0017,0.7815,-51.89,0.13,5887.0,0.1475,0.0677,1.18,1.515,285.860816,17.067357
Gaia DR2 3400292798990117888,81.107227,0.1582,17.383504,0.1231,3.40029279899012E+18,68.5628,0.1742,393.5744,250.765,0.316,-7.332,0.209,149,3760.26,9,0,224920000,747840.0,4.8083,0.0036,120840000,345380.0,5.1459,0.0031,134200000,898540.0,4.4426,0.0073,0.7033,37.67,0.24,6171.0,0.157,0.077,1.19,1.859,81.106096,17.383536
Gaia DR2 3937211745904553600,198.079631,0.1465,17.517124,0.0481,3.93721174590455E+18,24.8556,0.2743,90.6147,-586.287,0.705,2.257,0.242,104,215.2,6,1,26274000,7067.5,7.1396,3E-04,14456000,22673.0,7.4513,0.0017,16645000,38130.0,6.7087,0.0025,0.7425,49.98,0.24,5945.5,0.0667,0.036,1.22,1.665,198.082278,17.517114
Gaia DR2 1787990525934491776,317.995415,0.0265,17.723875,0.0243,1.78799052593449E+18,29.788,0.0331,898.8683,-122.216,0.06,-899.263,0.06,230,384.69,11,0,24515000,4892.8,7.2148,2E-04,13576000,19848.0,7.5195,0.0016,15464000,23129.0,6.7886,0.0016,0.7309,-44.15,0.19,5959.25,0.026,0.013,0.98,1.081,317.995968,17.727747
Gaia DR2 3369744964358573824,97.264833,0.0422,17.744532,0.0404,3.36974496435857E+18,21.4453,0.0488,439.0709,-125.298,0.085,-163.354,0.079,141,327.48,11,0,19570000,6003.4,7.4594,3E-04,10543000,26191.0,7.794,0.0027,12523000,29248.0,7.0177,0.0025,0.7764,-14.28,0.22,5939.5,0.1605,0.0805,1.22,1.666,97.2654,17.745235
Gaia DR2 2797111130991722240,1.477436,0.0559,18.23437,0.0576,2.79711113099172E+18,26.7173,0.073,365.8462,-150.936,0.121,-147.985,0.089,172,320.03,9,0,22590000,5992.7,7.3036,3E-04,12344000,16312.0,7.6228,0.0014,14333000,25291.0,6.871,0.0019,0.7517,-45.7,0.16,5934.0,0.0408,0.02,1.05,1.24,1.47812,18.235007
Gaia DR2 4467355154275146112,247.217839,0.0185,18.415706,0.0187,4.46735515427515E+18,51.749,0.0302,1715.4058,-348.756,0.036,383.232,0.039,386,627.85,16,0,20716000,6502.7,7.3976,3E-04,10121000,16445.0,7.8384,0.0018,16141000,158590.0,6.7421,0.0107,1.0963,,,4986.2,0.1605,0.072,0.78,0.338,247.219422,18.414056
Gaia DR2 2821292758941963776,354.028093,0.0516,18.443571,0.035,2.82129275894196E+18,28.8394,0.0668,431.5467,670.799,0.144,221.819,0.077,245,1013.14,13,1,19646000,3732.4,7.4552,2E-04,10176000,10823.0,7.8324,0.0012,13212000,18108.0,6.9595,0.0015,0.8729,-22.42,0.48,5675.0,0.143,0.0715,1.0,0.939,354.025049,18.442616
Gaia DR2 2786115533677290240,20.577026,0.0355,18.682697,0.0307,2.78611553367729E+18,38.3758,0.0407,942.0475,557.988,0.077,-2.367,0.073,142,221.55,10,0,36054000,10761.0,6.796,3E-04,19191000,38794.0,7.1437,0.0022,23438000,66166.0,6.3371,0.0031,0.8066,5.58,0.16,5763.33,0.0302,0.013,0.99,0.968,20.57449,18.682708
Gaia DR2 4524317420039164544,278.583671,0.0286,18.689849,0.0413,4.52431742003917E+18,28.269,0.0469,602.4605,-20.245,0.073,-50.289,0.08,221,441.26,13,0,21637000,59640.0,7.3504,0.003,11321000,104310.0,7.7167,0.01,14466000,126000.0,6.8611,0.0095,0.8556,,,5718.0,0.1893,0.0793,1.06,1.073,278.583763,18.690065
Gaia DR2 3409827042271407232,72.176453,0.0752,18.707785,0.0593,3.40982704227141E+18,31.7511,0.0968,327.8487,192.528,0.14,-383.794,0.096,287,2169.49,13,0,36414000,6616.9,6.7852,2E-04,19422000,14362.0,7.1307,8E-04,23795000,26137.0,6.3207,0.0012,0.8099,51.71,1.14,5816.21,0.246,0.118,1.17,1.423,72.175577,18.709438
Gaia DR2 1209182041427374080,230.694095,0.027,18.919294,0.0255,1.20918204142737E+18,50.6409,0.0342,1479.1223,-229.891,0.054,77.476,0.064,211,443.12,12,0,31489000,7268.7,6.943,3E-04,15591000,23969.0,7.3692,0.0017,22064000,71955.0,6.4027,0.0035,0.9665,-7.28,0.13,5403.5,0.089,0.032,0.81,0.501,230.695141,18.918961
Gaia DR2 1237090738916392832,222.846623,0.034,19.10113,0.0406,1.23709073891639E+18,148.2131,0.0464,3195.8208,132.684,0.069,-181.616,0.104,131,220.14,9,0,51112000,25212.0,6.4171,5E-04,19079000,48159.0,7.15,0.0027,45241000,153060.0,5.6231,0.0037,1.5269,2.29,0.18,4342.53,0.2725,0.1283,0.63,0.126,222.846018,19.101912
Gaia DR2 48203487411427456,65.05455,0.086,19.233326,0.0348,4.82034874114275E+16,21.5992,0.1074,201.0543,114.521,0.199,-35.478,0.111,295,532.74,7,0,22420000,4713.6,7.3118,2E-04,12458000,7950.1,7.6127,7E-04,14060000,13697.0,6.8919,0.0011,0.7208,38.36,0.16,6064.0,0.201,0.1075,1.24,1.873,65.054028,19.233479
Gaia DR2 1212385193677161088,228.179694,0.0351,19.293659,0.033,1.21238519367716E+18,30.7734,0.0487,631.3467,-593.796,0.07,283.466,0.085,171,313.87,11,0,22009000,5229.0,7.3318,3E-04,11222000,17661.0,7.7262,0.0017,14988000,30547.0,6.8226,0.0022,0.9037,-38.79,0.14,5571.33,0.2255,0.1217,1.04,0.932,228.182402,19.292439
Gaia DR2 84625634714435968,41.864791,0.043,19.371141,0.0317,8.4625634714436E+16,30.1041,0.0436,689.8581,116.822,0.104,-158.351,0.082,115,259.27,8,0,25475000,11948.0,7.1731,5E-04,13693000,48153.0,7.5102,0.0038,16465000,47848.0,6.7205,0.0032,0.7896,4.21,0.42,5890.67,0.0385,0.013,1.01,1.103,41.864258,19.371823
Gaia DR2 87044422856456192,34.786244,0.0416,19.687168,0.0325,8.70444228564562E+16,30.7251,0.0451,680.6829,-19.73,0.084,-125.29,0.066,115,245.68,7,0,40175000,12498.0,6.6785,3E-04,22049000,71594.0,6.9929,0.0035,25060000,53780.0,6.2645,0.0023,0.7285,3.06,0.3,6108.0,0.0522,0.026,1.15,1.656,34.786335,19.687707
Gaia DR2 627699888238838272,149.258143,0.0881,19.762367,0.1244,6.27699888238838E+17,24.4536,0.0581,421.0679,-230.86,0.13,-6.793,0.201,106,201.44,7,0,19846000,7726.3,7.4442,4E-04,10826000,19621.0,7.7652,0.002,12564000,35656.0,7.0141,0.0031,0.7511,30.57,0.2,5988.67,0.0695,0.0283,1.06,1.297,149.259199,19.762396
Gaia DR2 2831490694929214464,346.634169,0.0267,19.910875,0.0278,2.83149069492921E+18,34.0207,0.0371,917.452,286.553,0.063,5.349,0.053,224,616.56,12,0,57118000,16717.0,6.2964,3E-04,31794000,40096.0,6.5955,0.0014,35241000,127560.0,5.8943,0.0039,0.7012,-0.94,0.18,6183.33,0.116,0.0607,1.21,1.917,346.632857,19.910852
Gaia DR2 3366754464528540416,106.020425,0.0573,20.597706,0.0474,3.36675446452854E+18,28.6547,0.0604,474.1414,-82.092,0.11,41.288,0.082,113,144.33,10,0,20332000,6063.4,7.4179,3E-04,10894000,17354.0,7.7584,0.0017,13176000,67857.0,6.9625,0.0056,0.796,20.71,0.17,5827.0,0.0177,0.0105,0.97,0.975,106.020803,20.597528
Gaia DR2 4564058546264232192,250.875499,0.0181,20.71598,0.0224,4.56405854626423E+18,21.3511,0.0336,636.3619,21.748,0.037,-30.963,0.048,309,720.0,14,1,28642000,5414.6,7.0459,2E-04,15824000,14036.0,7.3531,0.001,17919000,23009.0,6.6286,0.0014,0.7244,-27.56,0.13,6111.75,0.166,0.0742,1.39,2.445,250.875399,20.716113
Gaia DR2 3378123861436589952,101.229224,0.0934,20.860689,0.0844,3.37812386143659E+18,20.1481,0.0908,221.8406,90.512,0.196,8.322,0.168,142,1429.48,11,0,28403000,7476.1,7.0549,3E-04,15708000,25189.0,7.3611,0.0017,17684000,49302.0,6.643,0.003,0.7181,-19.08,2.6,6113.0,0.427,0.2315,1.47,2.723,101.228807,20.860653
Gaia DR2 2832641058969396864,345.770198,0.0328,20.918451,0.0278,2.8326410589694E+18,41.1236,0.045,912.8918,-117.509,0.104,-28.387,0.068,191,537.48,10,0,47682000,17218.0,6.4925,4E-04,25479000,50072.0,6.8359,0.0021,30766000,42601.0,6.0417,0.0015,0.7942,1.48,0.15,5926.67,0.0713,0.034,1.0,1.105,345.770739,20.918573
Gaia DR2 685042030968334592,134.731854,0.0539,21.166093,0.0418,6.85042030968335E+17,26.5505,0.0597,444.9532,-77.368,0.111,-45.445,0.096,231,439.71,11,0,19359000,3914.7,7.4712,2E-04,10233000,8623.5,7.8264,9E-04,12772000,10263.0,6.9962,9E-04,0.8301,30.75,0.17,5760.0,0.146,0.0717,1.05,1.086,134.732212,21.166289
Gaia DR2 2802397960855105920,9.838722,0.0537,21.248884,0.0303,2.80239796085511E+18,89.7891,0.0581,1546.1824,-462.056,0.107,-369.814,0.055,339,1741.26,13,0,105040000,76354.0,5.635,8E-04,50288000,54796.0,6.0977,0.0012,74930000,93276.0,5.0753,0.0014,1.0224,-33.0,0.16,5280.0,0.1763,0.0865,0.88,0.54,9.840856,21.250477
Gaia DR2 144786577364287104,69.058234,0.0649,21.536364,0.0349,1.44786577364287E+17,29.5376,0.0649,455.2219,17.772,0.155,-42.009,0.081,173,376.0,10,0,20471000,5491.0,7.4105,3E-04,10757000,15615.0,7.7721,0.0016,13535000,37548.0,6.9333,0.003,0.8388,-6.52,0.15,5776.67,0.045,0.027,0.96,0.927,69.058152,21.536544
Gaia DR2 2832735823127881088,345.960646,0.0569,21.597942,0.0485,2.83273582312788E+18,35.3755,0.0752,470.3228,-37.508,0.163,-74.756,0.108,225,1758.77,11,0,28406000,5580.8,7.0549,2E-04,15214000,18369.0,7.3958,0.0013,18475000,35580.0,6.5954,0.0021,0.8003,18.17,0.45,5833.33,0.042,0.018,0.93,0.894,345.96082,21.598264
Gaia DR2 144978858756826368,68.032938,0.0418,21.632342,0.0235,1.44978858756826E+17,25.5983,0.0401,638.3391,-1.361,0.099,-3.285,0.075,332,777.27,10,0,32083000,5903.3,6.9227,2E-04,17315000,13117.0,7.2554,8E-04,20677000,17467.0,6.4732,9E-04,0.7821,6.77,0.14,5879.25,0.3113,0.1663,1.34,1.923,68.032945,21.632356
Gaia DR2 2018474482692959232,293.35637,0.026,21.839441,0.0263,2.01847448269296E+18,47.852,0.0357,1341.8599,-21.432,0.051,-205.619,0.05,268,348.37,14,0,39667000,15621.0,6.6923,4E-04,20150000,31812.0,7.0907,0.0017,27072000,54377.0,6.1806,0.0022,0.9101,11.34,0.12,5531.5,0.165,0.071,0.91,0.697,293.356469,21.840326
Gaia DR2 3980413791141148672,171.763353,0.0635,21.851535,0.0627,3.98041379114115E+18,30.5551,0.1223,249.9007,-27.123,0.089,-164.208,0.131,124,252.8,7,0,20258000,8292.0,7.4219,4E-04,10797000,16448.0,7.7681,0.0017,13514000,47344.0,6.935,0.0038,0.8331,1.91,0.24,5751.67,0.097,0.0415,0.93,0.858,171.763479,21.852242
Gaia DR2 3954927249048246272,193.666975,0.0302,22.107795,0.0335,3.95492724904825E+18,28.3956,0.0388,732.1351,52.346,0.067,-32.09,0.058,211,422.46,12,0,34092000,11592.0,6.8567,4E-04,19105000,34046.0,7.1485,0.0019,21603000,62957.0,6.4256,0.0032,0.7229,-0.23,0.26,6163.95,0.0565,0.036,1.12,1.643,193.666732,22.107933
Gaia DR2 2800690281858225408,5.751813,0.0399,22.374049,0.0396,2.80069028185822E+18,24.5718,0.0562,437.5318,202.321,0.079,-221.094,0.064,268,513.86,11,0,20513000,3747.8,7.4083,2E-04,10929000,6849.7,7.7549,7E-04,13473000,12381.0,6.9382,0.001,0.8167,-30.6,0.15,5772.5,0.1403,0.0673,1.16,1.342,5.750871,22.375001
Gaia DR2 64085383120724864,58.024288,0.0406,22.67017,0.0196,6.40853831207249E+16,33.4459,0.0432,773.4961,206.848,0.088,-339.445,0.06,388,645.71,12,1,20937000,3439.3,7.3861,2E-04,10879000,7308.1,7.76,7E-04,14075000,12710.0,6.8908,0.001,0.8691,11.23,0.13,5644.5,0.051,0.0205,0.9,0.746,58.023323,22.671632
Gaia DR2 3380020312835165312,104.442397,0.0529,22.89194,0.059,3.38002031283516E+18,22.3734,0.0708,316.0482,-144.2,0.109,-141.991,0.09,125,295.71,10,0,19035000,6138.3,7.4895,4E-04,10540000,26411.0,7.7943,0.0027,11800000,43391.0,7.0822,0.004,0.7121,-29.36,0.24,6111.67,0.0287,0.0145,1.09,1.48,104.443071,22.892552
Gaia DR2 1265671031852406272,222.668708,0.0236,22.90735,0.0332,1.26567103185241E+18,26.942,0.042,641.8695,-433.76,0.078,-61.695,0.076,236,299.13,12,0,22072000,4604.5,7.3288,2E-04,11668000,14203.0,7.6839,0.0013,14483000,30768.0,6.8598,0.0023,0.8242,-26.75,0.14,5730.0,0.208,0.0908,1.11,1.204,222.670736,22.907615
Gaia DR2 146677879098433152,69.714211,0.0492,23.14974,0.0283,1.46677879098433E+17,22.8453,0.0542,421.8846,105.529,0.093,-54.442,0.059,212,407.97,11,0,21300000,8520.4,7.3674,4E-04,11660000,28366.0,7.6847,0.0026,13408000,30898.0,6.9435,0.0025,0.7412,39.08,0.19,6043.0,0.065,0.032,1.15,1.592,69.713717,23.149974
Gaia DR2 104717285566534016,29.490059,0.0416,23.603026,0.0319,1.04717285566534E+17,24.869,0.0446,557.4091,-91.839,0.08,-19.37,0.074,166,371.98,9,0,25477000,8138.0,7.173,3E-04,13979000,31752.0,7.4877,0.0025,15909000,61567.0,6.7578,0.0042,0.7299,-7.2,0.18,6108.0,0.0605,0.0317,1.13,1.603,29.490491,23.603109
Gaia DR2 666427539629086976,129.689446,0.0318,23.685265,0.0211,6.66427539629087E+17,28.3319,0.042,675.1716,-47.303,0.065,-148.778,0.046,334,681.38,13,1,37725000,7130.2,6.7468,2E-04,20890000,21452.0,7.0516,0.0011,23491000,29010.0,6.3347,0.0013,0.7169,6.17,0.17,6109.0,0.173,0.0967,1.21,1.829,129.689668,23.685906
Gaia DR2 290368930563348480,22.45249,0.0376,23.690231,0.0344,2.90368930563348E+17,21.1743,0.0435,486.6364,-49.427,0.071,-49.237,0.076,140,227.82,10,0,19425000,5779.7,7.4674,3E-04,10587000,18377.0,7.7895,0.0019,12529000,128840.0,7.0171,0.0112,0.7724,-51.04,0.22,5885.53,0.166,0.103,1.25,1.701,22.452722,23.690443
Gaia DR2 2804011562888218240,13.746087,0.0451,24.099497,0.0319,2.80401156288822E+18,33.4257,0.0504,663.3203,-184.959,0.09,-179.663,0.066,132,206.47,9,0,23757000,11456.0,7.2489,5E-04,12565000,38646.0,7.6034,0.0033,15617000,37047.0,6.7779,0.0026,0.8255,-8.54,0.18,5779.0,0.0548,0.0223,0.91,0.84,13.746959,24.100271
Gaia DR2 3956336822955595776,191.635708,0.0348,24.144111,0.0246,3.9563368229556E+18,22.8874,0.0429,533.6304,-114.045,0.065,-217.823,0.044,305,765.69,14,1,39877000,7668.5,6.6865,2E-04,22238000,19935.0,6.9837,0.001,24676000,27354.0,6.2812,0.0012,0.7024,6.61,0.14,6126.0,0.5335,0.262,1.53,2.962,191.636247,24.145048
Gaia DR2 4579178927092945152,272.244864,0.0204,24.15863,0.0328,4.57917892709295E+18,27.7727,0.039,711.5753,86.956,0.041,82.779,0.062,351,1272.79,15,0,23654000,6457.3,7.2536,3E-04,12665000,11603.0,7.5949,0.001,15651000,15471.0,6.7755,0.0011,0.8194,-7.51,0.16,5658.57,,,1.15,1.221,272.244453,24.158274
Gaia DR2 101309452355657216,33.853908,0.0415,24.270495,0.0457,1.01309452355657E+17,38.8933,0.0533,729.5782,462.403,0.101,-184.45,0.115,129,207.4,9,0,42438000,14923.0,6.619,4E-04,21878000,63743.0,7.0014,0.0032,28221000,83102.0,6.1355,0.0032,0.8659,-2.17,0.23,5644.25,0.2068,0.106,1.11,1.118,33.851724,24.271289
Gaia DR2 4570293086432167168,260.615544,0.0151,24.878666,0.0185,4.57029308643217E+18,33.4888,0.0243,1379.2157,74.139,0.032,-176.562,0.039,363,789.75,18,0,38325000,9184.5,6.7297,3E-04,21322000,27451.0,7.0293,0.0014,23829000,52515.0,6.3192,0.0024,0.7102,34.19,0.14,6085.33,0.0477,0.0257,1.04,1.331,260.615192,24.879426
Gaia DR2 868513821147507840,113.71066,0.0521,24.952953,0.0513,8.68513821147508E+17,25.5556,0.0726,351.9689,130.26,0.095,-352.669,0.08,136,188.24,10,0,24615000,9676.8,7.2104,4E-04,13084000,20557.0,7.5595,0.0017,16019000,72758.0,6.7504,0.0049,0.8092,-135.53,0.19,5828.5,0.1635,0.1087,1.19,1.484,113.710042,24.954472
Gaia DR2 2035687337226254720,287.068782,0.0804,25.374406,0.1297,2.03568733722625E+18,18.1047,0.1347,134.3742,21.422,0.19,-80.756,0.304,259,2527.58,17,0,22038000,5123.4,7.3304,3E-04,12341000,15243.0,7.623,0.0013,13665000,15203.0,6.9229,0.0012,0.7002,19.44,0.29,6142.67,0.376,0.1657,1.43,2.614,287.06868,25.374754
Gaia DR2 691401842449529344,134.707486,0.0941,25.404379,0.0603,6.91401842449529E+17,26.1401,0.1199,217.9575,-63.426,0.198,-136.143,0.139,448,998.17,9,1,22526000,4933.9,7.3067,2E-04,11977000,5553.8,7.6555,5E-04,15132000,13050.0,6.8122,9E-04,0.8433,-11.61,0.13,5733.0,0.163,0.077,1.16,1.306,134.707788,25.404965
Gaia DR2 3381634224106876672,102.751841,0.0481,25.759506,0.0498,3.38163422410688E+18,29.0291,0.043,674.7175,10.799,0.09,-198.4,0.088,126,158.29,10,0,34938000,9075.8,6.8301,3E-04,19070000,43870.0,7.1505,0.0025,22157000,53449.0,6.3982,0.0026,0.7524,6.69,0.17,5990.0,0.0683,0.0355,1.18,1.62,102.751789,25.76036
Gaia DR2 727103367251735040,154.236817,0.0588,25.859443,0.0436,7.27103367251735E+17,26.7798,0.0543,493.2557,162.93,0.111,-295.564,0.084,88,141.19,9,0,20426000,6823.8,7.4129,4E-04,10949000,34490.0,7.7529,0.0034,13178000,56388.0,6.9623,0.0046,0.7906,-13.99,0.16,5891.5,0.08,0.0438,1.01,1.118,154.236037,25.860715
Gaia DR2 150694566874541824,63.633942,0.049,26.255411,0.0257,1.50694566874542E+17,32.0614,0.0512,625.8258,-40.391,0.122,-116.976,0.079,299,777.92,12,0,29297000,7008.0,7.0213,3E-04,15612000,17661.0,7.3677,0.0012,19145000,23639.0,6.5568,0.0013,0.8109,-14.87,0.15,5838.5,0.09,0.053,1.04,1.122,63.634135,26.255914
Gaia DR2 1844639838900425472,314.416514,0.0272,26.405527,0.0378,1.84463983890043E+18,31.1771,0.0329,948.9227,250.447,0.054,85.588,0.064,319,817.47,12,1,36429000,9614.2,6.7847,3E-04,19888000,24871.0,7.1049,0.0014,23266000,38248.0,6.3451,0.0018,0.7598,-26.8,0.2,5993.25,0.112,0.048,1.12,1.464,314.41531,26.405158
Gaia DR2 4571079649562719488,261.893598,0.0173,26.796133,0.0219,4.57107964956272E+18,32.6414,0.0275,1186.9697,-101.586,0.038,273.478,0.042,315,481.79,19,0,19219000,3492.5,7.479,2E-04,9514700,9895.8,7.9054,0.0011,13454000,17281.0,6.9398,0.0014,0.9656,-24.35,0.16,5382.33,0.2013,0.0983,0.99,0.738,261.894088,26.794956
Gaia DR2 1451450048399313664,207.26466,0.0608,26.979451,0.0513,1.45145004839931E+18,73.9239,0.0653,1132.7324,-416.522,0.187,-112.016,0.117,198,240.65,10,1,25060000,10107.0,7.1909,4E-04,10630000,29186.0,7.7851,0.003,20633000,91610.0,6.4755,0.0048,1.3096,,,4707.5,,,0.7,0.216,207.266673,26.979933
Gaia DR2 875071278432954240,117.47937,0.0385,27.363134,0.0252,8.75071278432954E+17,44.607,0.0444,1003.8194,-10.027,0.085,-11.314,0.049,333,650.47,10,1,38728000,18868.0,6.7183,5E-04,20129000,39276.0,7.0919,0.0021,25816000,51267.0,6.2322,0.0022,0.8597,-16.31,0.2,5713.5,0.0365,0.0175,0.9,0.772,117.479418,27.363183
Gaia DR2 4586000675189058304,275.205405,0.021,27.530738,0.0339,4.58600067518906E+18,34.4385,0.0295,1165.8158,42.243,0.051,88.94,0.075,251,612.55,14,1,34405000,20133.0,6.8468,6E-04,18549000,61309.0,7.1806,0.0036,22911000,105850.0,6.3618,0.005,0.8188,-20.91,0.17,5825.67,0.129,0.0617,1.05,1.142,275.2052,27.530355
Gaia DR2 2028211207952435840,297.003624,0.0218,27.870485,0.0302,2.02821120795244E+18,39.0861,0.0327,1196.2264,-9.93,0.049,222.13,0.06,271,431.97,15,0,39002000,8629.9,6.7107,2E-04,20682000,21252.0,7.0624,0.0011,25388000,40320.0,6.2503,0.0017,0.8121,-32.92,0.16,5862.0,0.068,0.043,0.97,1.003,297.003672,27.869529
Gaia DR2 1316920711932740992,242.848371,0.0166,28.438191,0.0221,1.31692071193274E+18,22.5745,0.0271,833.6548,-103.622,0.039,-77.87,0.047,373,738.28,19,0,19843000,3419.8,7.4443,2E-04,10944000,10014.0,7.7535,0.001,12481000,15037.0,7.0213,0.0013,0.7322,-34.56,0.17,6109.33,0.026,0.0145,1.1,1.516,242.848879,28.438526
Gaia DR2 1896891139712235008,329.668333,0.0315,29.810963,0.0402,1.89689113971224E+18,34.0024,0.0418,812.807,-362.78,0.076,-386.385,0.085,135,394.76,9,0,35851000,9201.8,6.8021,3E-04,19917000,41013.0,7.1033,0.0022,22248000,37242.0,6.3937,0.0018,0.7096,8.75,0.18,6128.0,0.017,0.008,0.97,1.206,329.670133,29.812627
Gaia DR2 4590489981163831296,272.339447,0.0177,29.951976,0.0213,4.59048998116383E+18,40.9514,0.0243,1683.0316,71.716,0.038,61.184,0.043,271,545.71,17,0,41183000,20835.0,6.6516,5E-04,21962000,39006.0,6.9972,0.0019,26891000,86765.0,6.1879,0.0035,0.8093,-14.55,0.17,5800.0,0.0303,0.013,0.97,0.968,272.339091,29.951713
Gaia DR2 129321160344480512,42.768496,0.0401,30.286598,0.0286,1.29321160344481E+17,22.4803,0.0432,519.9451,128.315,0.075,-32.948,0.059,169,367.06,10,0,20649000,4212.0,7.4011,2E-04,11221000,10504.0,7.7263,0.001,13239000,22737.0,6.9573,0.0019,0.769,10.53,0.15,5909.0,0.0723,0.039,1.21,1.602,42.767857,30.28674
Gaia DR2 1852732141404704512,318.24006,0.0255,30.809984,0.0293,1.8527321414047E+18,36.7394,0.0357,1028.4583,-19.09,0.052,109.622,0.051,382,647.61,15,0,25918000,4412.4,7.1543,2E-04,13686000,11916.0,7.5107,9E-04,17072000,19995.0,6.6812,0.0013,0.8295,2.67,0.13,5766.0,0.0427,0.0177,0.87,0.759,318.240156,30.809512
Gaia DR2 1312210782076778624,249.108324,0.0187,30.939678,0.0286,1.31221078207678E+18,25.9268,0.0262,988.4891,-2.632,0.04,-465.495,0.052,265,554.62,17,0,31163000,6254.4,6.9543,2E-04,17220000,22281.0,7.2613,0.0014,19471000,32957.0,6.5384,0.0018,0.7228,-4.81,0.19,6081.0,0.2035,0.108,1.21,1.806,249.108337,30.941682
Gaia DR2 892215482207937152,112.258173,0.0359,31.9946,0.0362,8.92215482207937E+17,55.0668,0.0423,1301.3082,158.272,0.065,175.652,0.062,180,288.65,11,0,19943000,8820.9,7.4389,5E-04,9099000,22371.0,7.9539,0.0027,15035000,34769.0,6.8191,0.0025,1.1348,-4.21,0.18,4943.0,0.016,0.008,0.73,0.29,112.25737,31.993844
Gaia DR2 1334288219648212352,256.9818,0.0176,32.105303,0.0215,1.33428821964821E+18,27.3099,0.0255,1072.4602,-162.014,0.038,-42.123,0.041,280,583.15,16,0,28105000,5444.7,7.0664,2E-04,15480000,15880.0,7.377,0.0011,17627000,32736.0,6.6465,0.002,0.7305,-10.56,0.14,6016.0,0.0685,0.03,1.12,1.471,256.982623,32.105484
Gaia DR2 1467164096785657088,195.638423,0.0287,32.433452,0.0153,1.46716409678566E+18,31.4492,0.0382,823.4966,-193.489,0.054,46.285,0.046,523,887.83,15,1,21569000,4576.5,7.3538,2E-04,11400000,11229.0,7.7091,0.0011,14202000,17202.0,6.8811,0.0013,0.8281,6.32,0.13,5787.0,0.0857,0.035,0.92,0.861,195.63941,32.433253
Gaia DR2 2043885295912608512,284.257661,0.0804,32.900739,0.0866,2.04388529591261E+18,66.5742,0.0979,680.2828,165.432,0.166,-132.864,0.168,258,5099.19,14,0,169270000,518990.0,5.1169,0.0033,93148000,669430.0,5.4285,0.0078,110320000,1974300.0,4.6552,0.0194,0.7732,-42.73,0.22,5932.0,0.106,0.0477,1.16,1.496,284.256813,32.901311
Gaia DR2 890234402772937472,109.28942,0.0365,33.091308,0.0326,8.90234402772938E+17,36.6952,0.0379,969.1316,-58.172,0.076,-173.615,0.062,156,273.55,10,0,36836000,12430.0,6.7727,4E-04,19664000,40443.0,7.1172,0.0022,23609000,57705.0,6.3292,0.0027,0.788,22.43,0.16,5856.0,0.0687,0.0373,1.01,1.076,109.289719,33.092056
Gaia DR2 1334643739861016832,257.393095,0.0185,33.354928,0.0227,1.33464373986102E+18,22.8965,0.0246,930.3235,-222.459,0.037,-215.908,0.042,262,639.11,16,0,26733000,6284.9,7.1207,3E-04,14635000,22533.0,7.4379,0.0017,16893000,32815.0,6.6926,0.0021,0.7452,-9.07,0.18,5987.33,0.1925,0.1117,1.31,1.993,257.394241,33.355857
Gaia DR2 1314438839310796800,251.276254,0.0207,33.510872,0.0252,1.3144388393108E+18,101.5116,0.0281,3608.1052,-39.975,0.043,382.224,0.062,266,357.79,17,0,19179000,8492.0,7.4813,5E-04,6473500,12248.0,8.3235,0.0021,18091000,36373.0,6.6182,0.0022,1.7053,-31.76,0.14,4224.23,0.681,0.33,0.61,0.107,251.276461,33.509226
Gaia DR2 2875096978193654528,359.871443,0.0359,33.72401,0.0248,2.87509697819365E+18,33.9238,0.0445,762.7142,-47.492,0.058,-78.628,0.039,249,507.8,14,0,46653000,14113.0,6.5162,3E-04,26779000,332240.0,6.7819,0.0135,30891000,503320.0,6.0373,0.0177,0.7446,,,6130.0,0.0693,0.0355,1.11,1.577,359.871689,33.724348
Gaia DR2 4027326928641456256,181.279211,0.0438,33.74967,0.0291,4.02732692864146E+18,19.8004,0.0571,346.6616,-102.232,0.077,-55.373,0.06,182,389.37,12,0,21185000,6167.3,7.3733,3E-04,11759000,25699.0,7.6754,0.0024,13186000,19896.0,6.9617,0.0016,0.7138,-7.52,0.17,6091.75,0.2055,0.1103,1.3,2.104,181.27974,33.749908
Gaia DR2 218231518853187712,55.029601,0.0636,34.116501,0.0392,2.18231518853188E+17,21.8411,0.0658,331.94,-66.989,0.103,8.075,0.081,131,300.68,8,0,22284000,20091.0,7.3184,0.001,14167000,321050.0,7.4732,0.0246,16083000,480960.0,6.746,0.0325,0.7272,,,5958.0,,,1.27,1.828,55.02995,34.116466
Gaia DR2 1329002145698389760,244.524195,0.02,34.482477,0.0284,1.32900214569839E+18,26.5589,0.0291,912.5533,-56.23,0.047,-66.452,0.065,246,536.72,17,0,21685000,4471.6,7.348,2E-04,11744000,11175.0,7.6769,0.001,13889000,22406.0,6.9053,0.0018,0.7716,-14.7,0.16,5938.5,0.0428,0.02,1.04,1.204,244.524488,34.482763
Gaia DR2 797813166194137472,144.866523,0.0483,35.243093,0.0339,7.97813166194138E+17,22.2792,0.0582,382.5719,-67.9,0.081,3.071,0.061,187,566.28,11,0,30432000,7498.9,6.98,3E-04,16945000,26963.0,7.2788,0.0017,18908000,29629.0,6.5703,0.0017,0.7085,36.07,10.46,6139.0,0.211,0.102,1.37,2.384,144.86688,35.24308
Gaia DR2 1870443315230650240,310.421968,0.0211,35.54592,0.0261,1.87044331523065E+18,28.8897,0.0297,972.7921,92.077,0.045,48.425,0.049,283,597.94,17,0,23421000,4820.5,7.2644,2E-04,12550000,12150.0,7.6048,0.0011,15191000,25564.0,6.8079,0.0018,0.7969,-29.27,0.13,5831.5,0.0513,0.0253,1.03,1.105,310.421481,35.545712
Gaia DR2 1906647037667895424,332.799772,0.0195,36.25524,0.0232,1.9066470376679E+18,44.4345,0.0376,1181.0619,25.084,0.045,-251.814,0.065,383,607.0,15,0,29540000,9694.7,7.0123,4E-04,14635000,16154.0,7.4379,0.0012,20633000,27197.0,6.4755,0.0014,0.9624,-19.67,0.15,5423.25,0.067,0.0377,0.88,0.609,332.799639,36.256324
Gaia DR2 942860190374658688,97.190246,0.0409,36.47905,0.0382,9.42860190374659E+17,40.756,0.041,994.8475,-291.022,0.076,-218.377,0.065,152,307.36,11,0,30720000,7520.8,6.9698,3E-04,16248000,37891.0,7.3244,0.0025,20069000,74689.0,6.5056,0.004,0.8188,-5.4,0.2,5770.75,0.051,0.025,0.86,0.731,97.191804,36.47999
Gaia DR2 3456337827237371264,86.510489,0.0485,37.282453,0.0424,3.45633782723737E+18,47.8551,0.0513,933.0325,486.482,0.09,-510.073,0.069,137,216.88,11,0,27080000,6843.7,7.1067,3E-04,13056000,32695.0,7.5619,0.0027,19435000,41104.0,6.5405,0.0023,1.0214,-28.94,0.17,5253.0,0.0875,0.062,0.85,0.492,86.507857,37.284649
Gaia DR2 187247281185703296,78.321914,0.0484,37.336722,0.0399,1.87247281185703E+17,37.6462,0.0643,585.8928,-144.722,0.076,-136.949,0.063,386,851.68,11,0,55233000,11848.0,6.3329,2E-04,30826000,27280.0,6.6291,0.001,34207000,36838.0,5.9266,0.0012,0.7025,-1.88,0.15,6128.67,0.017,0.011,1.09,1.516,78.322698,37.337312
Gaia DR2 1387349065967311744,231.12786,0.0216,37.347688,0.0207,1.38734906596731E+18,27.1525,0.025,1084.683,-139.144,0.046,90.255,0.043,253,573.7,17,0,33683000,9777.6,6.8698,3E-04,18833000,65412.0,7.1641,0.0038,21884000,279780.0,6.4116,0.0139,0.7525,,,6214.0,0.2295,0.1203,1.15,1.774,231.128614,37.347299
Gaia DR2 1387349065960639232,231.127914,0.0205,37.348318,0.0239,1.38734906596064E+18,27.2324,0.0276,986.1846,-152.392,0.042,89.783,0.052,260,508.35,18,0,20201000,8608.9,7.4249,5E-04,11428000,141700.0,7.7065,0.0135,14778000,382090.0,6.8379,0.0281,0.8686,,,5685.75,0.198,0.1048,1.07,1.082,231.128739,37.347931
Gaia DR2 1496343623558534656,206.500442,0.0182,37.524781,0.0223,1.49634362355853E+18,17.9526,0.0347,516.6892,-192.978,0.029,-52.396,0.041,484,1041.32,19,0,19728000,3165.5,7.4507,2E-04,10988000,8151.2,7.7491,8E-04,12252000,9810.6,7.0414,9E-04,0.7078,-20.57,0.19,6141.0,0.2132,0.1023,1.36,2.38,206.50149,37.525007
Gaia DR2 4034171629042489088,178.266651,0.0451,37.693635,0.0276,4.03417162904249E+18,108.9551,0.049,2221.7488,4002.567,0.07,-5817.856,0.056,185,369.41,10,0,63466000,18103.0,6.182,3E-04,30925000,62279.0,6.6256,0.0022,45447000,65350.0,5.6182,0.0016,1.0075,-97.69,0.25,5264.75,0.086,0.04,0.57,0.222,178.244868,37.718678
Gaia DR2 718976395775952256,135.862388,0.0381,37.840272,0.0333,7.18976395775952E+17,33.1033,0.0548,604.0619,-84.505,0.075,-162.745,0.073,218,385.41,12,0,32456000,21545.0,6.9101,7E-04,17535000,44488.0,7.2416,0.0028,21346000,108260.0,6.4386,0.0055,0.803,4.74,0.16,5809.0,0.0657,0.0337,1.07,1.167,135.862848,37.840972
Gaia DR2 379582273249916416,5.000925,0.0315,38.22621,0.0333,3.79582273249916E+17,40.4629,0.0405,998.5842,-141.291,0.056,-275.904,0.047,360,624.27,14,0,35535000,5579.1,6.8117,2E-04,18993000,16022.0,7.1549,9E-04,23136000,29058.0,6.3512,0.0014,0.8037,15.25,0.14,5805.33,0.0685,0.0312,0.91,0.856,5.0017,38.227398
Gaia DR2 2061876742143320064,301.292155,0.0238,38.478958,0.0248,2.06187674214332E+18,52.5858,0.0263,1996.2618,259.074,0.048,109.453,0.048,297,886.97,16,0,75456000,41072.0,5.9941,6E-04,39850000,62251.0,6.3503,0.0017,49487000,63081.0,5.5257,0.0014,0.8246,-25.65,0.16,5782.0,0.107,0.0515,1.03,1.077,301.29073,38.478487
Gaia DR2 955687952016048000,96.12907,0.0414,38.568774,0.0433,9.55687952016048E+17,22.126,0.0509,434.808,87.344,0.097,-92.053,0.08,142,248.54,10,0,19988000,6528.9,7.4364,4E-04,10758000,18597.0,7.772,0.0019,12758000,32258.0,6.9974,0.0027,0.7746,32.59,0.21,5936.5,0.0695,0.039,1.2,1.599,96.128589,38.56917
Gaia DR2 2097219065920129152,282.856697,0.0228,38.626759,0.026,2.09721906592013E+18,33.067,0.0256,1289.1648,323.493,0.05,43.849,0.051,220,563.04,15,0,29927000,6139.3,6.9982,2E-04,16375000,17771.0,7.3159,0.0012,18939000,34852.0,6.5685,0.002,0.7474,-12.57,0.18,5905.75,0.0537,0.03,0.99,1.073,282.854914,38.62657
Gaia DR2 2063583390317759616,309.668567,0.0228,38.634263,0.0309,2.06358339031776E+18,36.6771,0.0366,1002.5967,200.846,0.052,-192.728,0.055,252,585.54,14,0,43292000,7727.2,6.5974,2E-04,23056000,37914.0,6.9444,0.0018,28057000,57118.0,6.1418,0.0022,0.8026,-20.93,0.15,5837.75,0.1315,0.0705,1.1,1.267,309.66746,38.635093
Gaia DR2 1872046574983497216,316.752931,0.0437,38.755635,0.0481,1.8720465749835E+18,286.1457,0.059,4849.3325,4105.786,0.094,3155.759,0.098,329,3128.52,17,0,127610000,172710.0,5.4237,0.0015,42232000,67939.0,6.2873,0.0017,117420000,412010.0,4.5876,0.0038,1.6997,-64.43,0.13,4177.3,0.236,0.099,0.58,0.092,316.730267,38.742045
Gaia DR2 1872046574983507456,316.747738,0.073,38.763411,0.0863,1.87204657498351E+18,285.9459,0.1008,2835.4358,4164.174,0.192,3249.991,0.25,259,4709.98,13,1,244750000,589560.0,4.7165,0.0026,90496000,146200.0,5.4598,0.0018,198990000,754080.0,4.0149,0.0041,1.445,-65.94,0.14,4327.0,0.173,0.0983,0.72,0.164,316.724748,38.749416
Gaia DR2 1379500756257031808,241.23347,0.0205,39.156736,0.0221,1.37950075625703E+18,69.587,0.0258,2694.2913,-571.031,0.042,52.625,0.047,241,402.25,18,0,49880000,10124.0,6.4435,2E-04,24874000,39937.0,6.862,0.0017,34901000,101990.0,5.9048,0.0032,0.9572,-59.22,0.14,5379.0,0.091,0.045,0.75,0.422,241.236641,39.15651
Gaia DR2 226778843075710976,61.030388,0.0373,39.509305,0.0177,2.26778843075711E+17,29.3245,0.0415,706.1234,147.261,0.086,-96.201,0.055,351,641.01,14,0,25796000,6102.6,7.1595,3E-04,14117000,81636.0,7.477,0.0063,17824000,190250.0,6.6344,0.0116,0.8426,29.47,0.18,5735.0,0.254,0.132,1.1,1.188,61.029566,39.50972
Gaia DR2 920377960724886144,116.234303,0.0451,39.553418,0.0318,9.20377960724886E+17,28.9328,0.0729,396.7052,29.334,0.092,-684.617,0.048,216,568.19,11,0,43892000,9829.3,6.5824,2E-04,24103000,43800.0,6.8962,0.002,27878000,102660.0,6.1488,0.004,0.7474,-5.52,0.23,5944.0,0.29,0.154,1.35,2.053,116.234139,39.556366
Gaia DR2 2067221777373474944,306.847927,0.0247,39.730407,0.0284,2.06722177737347E+18,19.8172,0.0333,595.918,-3.009,0.054,-48.926,0.054,264,380.51,15,0,19541000,4759.7,7.461,3E-04,10806000,15101.0,7.7672,0.0015,12212000,27042.0,7.0449,0.0024,0.7223,3.03,0.16,6089.75,0.103,0.053,1.25,1.938,306.847943,39.730618
Gaia DR2 1344497769227698432,267.808332,0.0222,40.072505,0.0228,1.3444977692277E+18,29.9723,0.0244,1227.4698,-16.811,0.046,9.684,0.044,214,522.42,16,0,51273000,10306.0,6.4136,2E-04,28553000,44632.0,6.7123,0.0017,31614000,88758.0,6.0122,0.003,0.7,1.98,0.19,6155.67,0.1463,0.0723,1.31,2.219,267.808426,40.072464
Gaia DR2 2110262881596160896,278.310559,0.0348,40.159846,0.0375,2.11026288159616E+18,24.1374,0.042,574.371,-37.543,0.073,49.102,0.071,220,870.52,16,0,27446000,5762.5,7.0922,2E-04,15222000,18019.0,7.3952,0.0013,17157000,19687.0,6.6758,0.0012,0.7194,-28.93,6.87,6094.25,0.1953,0.0995,1.21,1.834,278.31077,40.159635
Gaia DR2 369092520004831232,10.207299,0.0829,40.184292,0.0749,3.69092520004831E+17,55.7562,0.1002,556.2687,356.305,0.122,-668.983,0.18,156,222.81,8,0,27800000,6352.1,7.0783,2E-04,12755000,25060.0,7.5872,0.0021,20828000,73015.0,6.4653,0.0038,1.1219,-63.32,0.13,4999.0,0.2015,0.1007,0.83,0.39,10.205291,40.187172
Gaia DR2 1965602679357877504,320.255846,0.0234,40.344055,0.0296,1.96560267935788E+18,37.1296,0.0321,1156.7423,-11.412,0.052,-211.6,0.056,285,1070.76,17,0,60952000,17372.0,6.2259,3E-04,33412000,48721.0,6.5416,0.0016,38792000,116650.0,5.7901,0.0033,0.7516,30.88,13.36,5935.45,0.1535,0.076,1.24,1.732,320.25591,40.344966
Gaia DR2 333053037107550080,33.305898,0.0475,40.507198,0.0408,3.3305303710755E+17,38.267,0.0562,680.4096,59.262,0.083,-90.533,0.094,114,126.8,10,0,25536000,9678.1,7.1705,4E-04,13166000,24984.0,7.5527,0.0021,17243000,37798.0,6.6704,0.0024,0.8824,6.35,0.14,5558.67,0.1233,0.061,0.9,0.7,33.305562,40.507588
Gaia DR2 333106054183616000,33.229508,0.0452,40.667947,0.0381,3.33106054183616E+17,38.1843,0.0536,713.0008,67.255,0.081,-104.142,0.089,139,323.64,10,0,29451000,15319.0,7.0156,6E-04,15381000,21848.0,7.3839,0.0015,19569000,42440.0,6.533,0.0024,0.8509,6.56,0.18,5698.0,0.017,0.0105,0.92,0.802,33.229126,40.668395
Gaia DR2 345765551891443968,29.518852,0.0402,41.386153,0.0342,3.45765551891444E+17,30.5814,0.0437,699.5823,-39.351,0.075,25.4,0.076,139,223.16,10,0,20461000,12518.0,7.411,7E-04,10727000,37350.0,7.7752,0.0038,13499000,45561.0,6.9362,0.0037,0.8391,-14.83,0.19,5752.0,0.0917,0.0393,0.94,0.865,29.519078,41.386044
Gaia DR2 2113056534482408448,273.280399,0.0223,41.474809,0.0255,2.11305653448241E+18,28.8004,0.024,1202.0328,50.734,0.049,-129.002,0.048,217,433.98,16,0,24218000,5424.5,7.228,2E-04,13037000,15929.0,7.5635,0.0013,15571000,32643.0,6.7812,0.0023,0.7823,-5.54,0.15,5881.67,0.0923,0.053,1.03,1.146,273.280107,41.475364
Gaia DR2 204358907633155840,70.404418,0.0687,42.116664,0.0577,2.04358907633156E+17,36.313,0.0697,521.2041,534.004,0.134,-414.768,0.088,220,542.16,11,0,27345000,4911.1,7.0962,2E-04,14477000,17959.0,7.4497,0.0013,18045000,34843.0,6.621,0.0021,0.8287,112.67,0.2,5748.5,0.026,0.013,0.91,0.82,70.401319,42.11845
Gaia DR2 1360110456384947456,258.683729,0.0248,42.20324,0.035,1.36011045638495E+18,23.0774,0.0308,748.5266,28.717,0.049,-78.007,0.063,203,300.5,15,1,19077000,5015.4,7.4871,3E-04,10520000,18667.0,7.7963,0.0019,11998000,27259.0,7.0642,0.0025,0.7322,-3.45,0.15,6099.75,0.0782,0.0375,1.06,1.395,258.683562,42.203576
Gaia DR2 1549259098113618688,202.26291,0.022,42.238185,0.0224,1.54925909811362E+18,24.9021,0.0365,681.8168,-132.29,0.038,-18.176,0.044,457,797.02,20,0,18991000,4484.4,7.492,3E-04,10412000,10702.0,7.8076,0.0011,12026000,15387.0,7.0616,0.0014,0.746,-9.5,0.17,6000.0,0.0283,0.013,1.01,1.196,202.263679,42.238263
Gaia DR2 243285849800883456,55.950865,0.0386,42.602249,0.0239,2.43285849800883E+17,21.7895,0.0477,457.0464,364.663,0.093,-257.945,0.068,276,385.86,13,0,22222000,4281.6,7.3214,2E-04,12018000,12815.0,7.6518,0.0012,14307000,18673.0,6.8731,0.0014,0.7787,31.53,0.15,5898.0,0.3,0.143,1.3,1.836,55.948732,42.603359
Gaia DR2 340305381444650880,38.546808,0.065,42.784419,0.0391,3.40305381444651E+17,31.2078,0.0694,449.699,406.375,0.094,-194.252,0.079,124,281.83,9,0,20462000,5901.7,7.411,3E-04,10683000,14260.0,7.7797,0.0014,13620000,30594.0,6.9265,0.0024,0.8532,16.71,0.12,5774.67,0.068,0.0292,0.91,0.83,38.544424,42.785255
Gaia DR2 777967084390189696,167.953274,0.0421,42.831032,0.0426,7.7796708439019E+17,21.6833,0.0705,307.5043,-114.063,0.079,-241.172,0.08,150,254.28,11,0,28446000,8064.7,7.0533,3E-04,15825000,24957.0,7.3531,0.0017,17651000,35473.0,6.645,0.0022,0.7081,11.32,0.18,6152.75,0.2422,0.119,1.35,2.352,167.953944,42.83207
Gaia DR2 373349657227961472,19.121226,0.0304,42.939282,0.0299,3.73349657227962E+17,41.3391,0.0359,1150.053,-112.32,0.066,-31.472,0.066,172,377.59,10,0,49728000,21303.0,6.4469,5E-04,26828000,112560.0,6.7799,0.0046,31807000,166940.0,6.0056,0.0057,0.7743,-13.12,0.15,5953.0,0.0642,0.0337,1.0,1.139,19.121887,42.939417
Gaia DR2 240817446194974848,48.127775,0.0406,43.860472,0.0331,2.40817446194975E+17,23.1893,0.0476,487.6221,173.185,0.109,-23.247,0.093,165,294.26,11,0,20376000,5236.1,7.4156,3E-04,11155000,17055.0,7.7327,0.0017,12923000,31065.0,6.9835,0.0026,0.7492,12.11,0.15,5966.5,0.0927,0.0393,1.14,1.482,48.126741,43.860572
Gaia DR2 2112083741570228224,277.266821,0.0314,43.939949,0.0333,2.11208374157023E+18,27.1444,0.0285,951.3426,73.205,0.068,154.218,0.066,168,334.1,14,0,21964000,9358.8,7.3341,5E-04,11874000,21179.0,7.6649,0.0019,14057000,31955.0,6.8922,0.0025,0.7727,-22.71,0.2,5942.0,0.0578,0.0267,1.02,1.167,277.266383,43.939285
Gaia DR2 385334230892516480,4.612668,0.0339,44.02473,0.0233,3.85334230892516E+17,280.6902,0.0429,6542.433,2891.525,0.061,411.903,0.034,319,563.35,15,0,24483000,11426.0,7.2162,5E-04,6286900,5698.4,8.3553,0.001,27033000,28866.0,6.1822,0.0012,2.1731,11.51,0.14,3988.0,0.2487,0.131,,,4.595353,44.022955
Gaia DR2 1937003729076823040,350.405947,0.0777,44.098824,0.0677,1.93700372907682E+18,46.6854,0.0881,529.6376,634.727,0.3,218.552,0.163,154,304.39,10,1,26000000,9610.3,7.1509,4E-04,12757000,17849.0,7.587,0.0015,18269000,45101.0,6.6076,0.0027,0.9794,3.06,0.16,5303.0,0.027,0.014,0.83,0.493,350.402142,44.097883
Gaia DR2 964389315240441984,101.371613,0.0463,44.232564,0.0436,9.64389315240442E+17,22.1909,0.0516,429.965,144.258,0.089,-190.537,0.075,112,182.08,10,0,22261000,5930.9,7.3195,3E-04,12052000,27895.0,7.6488,0.0025,14220000,32910.0,6.8797,0.0025,0.7691,2.99,0.2,5969.0,0.271,0.1235,1.24,1.768,101.370746,44.233385
Gaia DR2 1502565381902524672,209.228992,0.0185,44.282561,0.0199,1.50256538190252E+18,22.6834,0.0263,864.0803,-20.47,0.035,6.164,0.037,395,547.97,22,0,18991000,3132.6,7.492,2E-04,10209000,10022.0,7.8289,0.0011,12288000,14000.0,7.0382,0.0012,0.7907,21.02,0.18,5865.0,0.1828,0.107,1.17,1.45,209.229115,44.282534
Gaia DR2 1541667932396172800,187.017416,0.0177,44.79429,0.027,1.54166793239617E+18,21.9511,0.0394,557.8116,-182.13,0.039,-4.686,0.053,379,632.22,15,1,23008000,4823.8,7.2837,2E-04,12801000,13101.0,7.5833,0.0011,14278000,20211.0,6.8753,0.0015,0.708,-2.21,0.18,6160.0,0.1753,0.0835,1.2,1.856,187.018521,44.794311
Gaia DR2 773861404893710208,174.68345,0.0184,45.108482,0.0282,7.7386140489371E+17,42.7909,0.0397,1076.9048,-595.912,0.038,15.066,0.055,290,609.52,11,1,56556000,11958.0,6.3072,2E-04,30831000,37200.0,6.6289,0.0013,35979000,63698.0,5.8718,0.0019,0.7571,-17.01,0.13,5932.0,0.017,0.011,1.04,1.21,174.687085,45.108417
Gaia DR2 1937497444157480320,351.67085,0.071,45.338602,0.0571,1.93749744415748E+18,28.3582,0.0992,285.9144,439.087,0.138,107.145,0.113,261,2174.44,12,0,24812000,11578.0,7.2017,5E-04,13221000,14643.0,7.5482,0.0012,16678000,29184.0,6.7066,0.0019,0.8416,-1.99,0.27,5731.0,,,1.12,1.222,351.66816,45.338141
Gaia DR2 918107434852949888,126.903146,0.0282,45.651475,0.0234,9.1810743485295E+17,45.4793,0.0369,1233.0541,-20.023,0.056,-351.382,0.048,263,677.01,14,0,65022000,14817.0,6.1557,2E-04,34834000,51096.0,6.4964,0.0016,42104000,110180.0,5.7011,0.0028,0.7953,-32.25,0.15,5828.0,0.06,0.03,1.09,1.238,126.903269,45.652988
Gaia DR2 350664155368182656,24.901421,0.0593,45.876792,0.0445,3.50664155368183E+17,47.393,0.0671,706.6813,217.675,0.099,-227.989,0.1,93,194.13,8,0,50659000,28446.0,6.4267,6E-04,26394000,84679.0,6.7976,0.0035,33727000,174470.0,5.942,0.0056,0.8556,2.11,0.17,5679.5,0.0877,0.0315,0.98,0.897,24.900075,45.877774
Gaia DR2 2163558855915068416,315.672323,0.0251,45.885377,0.029,2.16355885591507E+18,51.3456,0.0324,1583.115,406.538,0.052,141.275,0.055,225,294.03,14,0,20373000,6145.8,7.4157,3E-04,9240200,21817.0,7.9372,0.0026,15473000,27503.0,6.788,0.0019,1.1492,-14.33,0.15,4963.0,0.1097,0.064,0.79,0.34,315.669808,45.884768
Gaia DR2 1939093660163197312,354.495922,0.0254,46.199384,0.0196,1.9390936601632E+18,43.7807,0.0355,1233.5966,357.307,0.046,-11.552,0.042,314,583.19,15,0,51351000,14162.0,6.412,3E-04,27232000,45058.0,6.7637,0.0018,33563000,45867.0,5.9473,0.0015,0.8164,-0.14,0.13,5818.0,0.1093,0.0482,1.01,1.055,354.493699,46.199434
Gaia DR2 1975429427091671808,332.83827,0.0313,47.147918,0.033,1.97542942709167E+18,23.6343,0.0352,671.0551,-7.786,0.067,-4.73,0.073,228,471.45,14,0,24077000,3982.4,7.2344,2E-04,13101000,10582.0,7.5582,9E-04,15374000,18585.0,6.795,0.0013,0.7632,-20.96,0.15,5964.37,0.164,0.08,1.22,1.686,332.838319,47.147938
Gaia DR2 968931157257437312,94.769782,0.048,47.393891,0.0455,9.68931157257437E+17,30.4789,0.0531,574.417,-29.859,0.093,-33.255,0.077,114,241.57,10,0,39990000,12952.0,6.6835,4E-04,22207000,49797.0,6.9852,0.0024,24837000,44345.0,6.2742,0.0019,0.711,-16.12,0.16,6121.0,0.048,0.0228,1.15,1.675,94.769972,47.394034
Gaia DR2 969752767321089792,90.688317,0.0589,47.80994,0.0478,9.6975276732109E+17,36.0468,0.0654,550.907,35.608,0.084,95.004,0.072,128,302.87,9,0,54761000,20326.0,6.3422,4E-04,29995000,87611.0,6.6588,0.0032,34330000,279180.0,5.9228,0.0088,0.736,-76.81,0.15,6058.75,0.0738,0.0333,1.16,1.643,90.688088,47.809531
Gaia DR2 390900439790625664,8.626343,0.042,47.915803,0.0266,3.90900439790626E+17,20.9305,0.0538,388.8927,396.44,0.072,60.538,0.055,236,463.42,11,1,23896000,5381.2,7.2425,2E-04,13241000,17580.0,7.5466,0.0014,14981000,13309.0,6.8231,0.001,0.7235,-12.1,0.16,6065.75,0.225,0.126,1.32,2.126,8.623797,47.915542
Gaia DR2 1942533104334263552,347.496304,0.0277,47.959384,0.0256,1.94253310433426E+18,32.9634,0.0337,978.2511,154.535,0.058,-4.47,0.05,240,445.83,15,0,30350000,8963.8,6.983,3E-04,16201000,15710.0,7.3276,0.0011,19777000,33326.0,6.5215,0.0018,0.8061,-5.75,0.21,5801.33,0.0685,0.0415,1.04,1.101,347.495311,47.959403
Gaia DR2 834616362995049088,155.423003,0.034,48.042022,0.0508,8.34616362995049E+17,21.3344,0.0554,385.2462,-218.917,0.063,6.769,0.076,176,240.48,12,0,20089000,5051.3,7.431,3E-04,10819000,14213.0,7.7659,0.0014,12997000,23377.0,6.9773,0.002,0.7886,60.79,0.18,5895.3,0.188,0.1097,1.26,1.732,155.424412,48.041993
Gaia DR2 1990678072815187840,347.590248,0.0225,49.018543,0.0216,1.99067807281519E+18,22.0902,0.0302,731.1562,236.361,0.049,51.489,0.044,329,625.56,17,0,24454000,3658.6,7.2175,2E-04,13212000,10602.0,7.549,9E-04,15685000,16070.0,6.7732,0.0011,0.7758,-4.59,0.14,5937.0,0.2405,0.123,1.32,1.963,347.588697,49.018322
Gaia DR2 834923367257321856,158.462469,0.0256,49.186724,0.0288,8.34923367257322E+17,26.3883,0.0362,729.9218,276.166,0.046,127.557,0.054,231,354.52,14,0,21808000,5270.4,7.3418,3E-04,11918000,19045.0,7.6608,0.0017,13866000,28515.0,6.9071,0.0022,0.7538,-25.18,0.15,5943.93,0.0278,0.0167,1.04,1.226,158.46065,49.186175
Gaia DR2 823773494718931968,152.83322,0.0184,49.452059,0.024,8.23773494718932E+17,205.3917,0.0342,5999.1543,-1363.335,0.049,-505.666,0.055,452,1231.19,15,0,78738000,40757.0,5.9479,6E-04,26339000,45542.0,6.7999,0.0019,74352000,108150.0,5.0837,0.0016,1.7162,-26.49,0.13,4056.74,0.7265,0.364,0.7,0.119,152.84225,49.454236
Gaia DR2 1412260533406913152,250.616779,0.022,49.935972,0.0202,1.41226053340691E+18,34.0888,0.0235,1448.2982,133.434,0.048,-108.601,0.052,227,461.91,16,1,55654000,17706.0,6.3246,3E-04,30860000,57132.0,6.6279,0.002,34569000,110020.0,5.9152,0.0035,0.7127,-13.19,0.14,6125.5,0.1772,0.0867,1.21,1.863,250.615886,49.936439
Gaia DR2 1423602030208324864,245.779902,0.019,50.344188,0.0205,1.42360203020832E+18,19.8074,0.0208,952.6661,55.158,0.037,-6.886,0.042,257,558.4,17,0,23205000,4843.0,7.2744,2E-04,12906000,19244.0,7.5744,0.0016,14381000,34848.0,6.8674,0.0026,0.707,-32.02,0.17,6095.75,0.2407,0.114,1.36,2.303,245.77953,50.344217
Gaia DR2 1940954617956840192,359.528079,0.0357,50.44873,0.0327,1.94095461795684E+18,41.6957,0.0541,770.5665,-45.801,0.069,244.338,0.059,509,2805.31,19,0,45048000,5967.7,6.5542,1E-04,23658000,21788.0,6.9164,0.001,29655000,29213.0,6.0817,0.0011,0.8347,4.96,1.44,5740.5,0.1337,0.06,1.02,1.026,359.528389,50.447678
Gaia DR2 2088264368349071232,302.179215,0.0279,50.586651,0.0285,2.08826436834907E+18,23.1039,0.0291,794.5272,61.692,0.064,77.799,0.059,173,330.86,14,0,23639000,6070.4,7.2543,3E-04,13152000,9521.0,7.5539,8E-04,14755000,36264.0,6.8396,0.0027,0.7143,-8.97,0.16,6018.6,0.026,0.013,1.21,1.729,302.178796,50.586316
Gaia DR2 992524409046563840,100.20434,0.0623,51.977069,0.0797,9.92524409046564E+17,23.334,0.063,370.234,0.446,0.098,-291.813,0.115,105,134.58,8,0,19949000,6143.7,7.4386,3E-04,10606000,17880.0,7.7876,0.0018,13045000,46025.0,6.9733,0.0038,0.8143,27.88,0.18,5791.0,0.25,0.1223,1.19,1.446,100.204337,51.978325
Gaia DR2 409909484005053440,20.266597,0.1244,51.983222,0.0841,4.09909484005053E+17,20.8971,0.1034,202.1476,283.588,0.323,-104.244,0.208,231,945.94,12,0,19135000,4651.6,7.4838,3E-04,10642000,11022.0,7.7838,0.0011,11951000,12687.0,7.0684,0.0012,0.7154,14.55,0.44,5971.67,0.0147,0.0103,1.22,1.714,20.264615,51.98367
Gaia DR2 215599288017480704,85.863612,0.0372,52.488877,0.0298,2.15599288017481E+17,32.2683,0.0347,929.3016,246.782,0.063,22.271,0.049,233,476.46,13,0,30418000,6860.1,6.9805,2E-04,16316000,21459.0,7.3198,0.0014,19685000,35266.0,6.5266,0.0019,0.7932,-25.67,0.14,5864.0,0.12,0.06,1.04,1.148,85.861867,52.488781
Gaia DR2 416736832741633792,14.073791,0.0337,52.491247,0.0278,4.16736832741634E+17,24.2048,0.0567,427.1859,201.98,0.071,2.181,0.056,389,830.13,12,0,21209000,3594.3,7.3721,2E-04,11352000,8192.4,7.7137,8E-04,13768000,16912.0,6.9147,0.0013,0.799,0.69,0.13,5892.5,0.2297,0.1107,1.14,1.421,14.072363,52.491238
Gaia DR2 1022456104850892928,138.591672,0.0291,52.683521,0.0293,1.02245610485089E+18,157.8851,0.0414,3810.9326,-1573.121,0.061,-660.121,0.058,223,348.05,15,0,28592000,11576.0,7.0477,4E-04,8900400,12588.0,7.9779,0.0015,28496000,25449.0,6.125,0.001,1.8529,11.98,0.18,3995.02,0.0558,0.055,0.57,0.076,138.602846,52.686363
Gaia DR2 1022456139210632064,138.583916,0.0289,52.684159,0.0304,1.02245613921063E+18,157.8796,0.0366,4310.3804,-1546.096,0.059,-569.127,0.06,235,388.18,13,0,30747000,13537.0,6.9689,5E-04,9714500,15828.0,7.8828,0.0018,30270000,36071.0,6.0594,0.0013,1.8235,10.77,0.14,4072.15,0.3757,0.188,0.56,0.078,138.594898,52.686609
Gaia DR2 1416050859226670848,261.349585,0.0259,52.790472,0.03,1.41605085922667E+18,36.9399,0.0291,1267.8291,-91.047,0.055,-49.639,0.059,159,429.69,13,0,56789000,14828.0,6.3027,3E-04,30555000,59861.0,6.6387,0.0021,36454000,93031.0,5.8575,0.0028,0.7811,13.39,0.21,5928.0,0.0958,0.0473,1.21,1.631,261.350233,52.790686
Gaia DR2 842504568651372928,166.999809,0.0178,52.821636,0.0254,8.42504568651373E+17,17.5162,0.037,472.918,-62.012,0.047,-2.637,0.057,449,868.11,17,0,19384000,3433.4,7.4698,2E-04,10835000,8087.1,7.7643,8E-04,12069000,9911.1,7.0578,9E-04,0.7065,-34.71,0.14,6126.5,0.1027,0.057,1.39,2.458,167.00025,52.821647
Gaia DR2 1605198298364601088,218.368916,0.0196,52.909859,0.0216,1.6051982983646E+18,75.5094,0.0242,3116.0483,-191.561,0.039,247.973,0.044,271,533.66,19,0,32575000,5556.2,6.9062,2E-04,14168000,19842.0,7.4731,0.0015,25378000,61150.0,6.2508,0.0026,1.2224,11.07,0.13,4786.33,0.1385,0.063,0.75,0.263,218.370283,52.908791
Gaia DR2 1596763532351243392,236.088411,0.022,52.983817,0.026,1.59676353235124E+18,23.4061,0.0262,893.8859,-247.356,0.043,58.41,0.053,210,394.41,17,0,24754000,5589.1,7.2043,2E-04,13288000,20545.0,7.5427,0.0017,15941000,40853.0,6.7556,0.0028,0.7871,-39.07,0.13,5904.5,0.276,0.1375,1.27,1.772,236.09018,52.983566
Gaia DR2 1569335115284976000,187.709035,0.0243,53.077389,0.0258,1.56933511528498E+18,44.7173,0.0381,1173.619,18.935,0.044,181.602,0.054,386,1458.54,20,0,71118000,25767.0,6.0584,4E-04,39234000,55562.0,6.3672,0.0015,44688000,47662.0,5.6364,0.0012,0.7308,-21.82,0.15,6049.0,0.087,0.04,1.07,1.387,187.708899,53.076607
Gaia DR2 828365055275781760,150.231929,0.0242,53.124206,0.0265,8.28365055275782E+17,19.5775,0.0378,518.4808,170.472,0.056,-51.787,0.054,263,618.43,16,0,20045000,4611.0,7.4333,2E-04,11009000,16133.0,7.7471,0.0016,12683000,30760.0,7.0039,0.0026,0.7432,-72.9,0.17,5999.54,0.29,0.1555,1.32,2.043,150.230705,53.124429
Gaia DR2 851843030143428480,155.060938,0.0236,53.779584,0.0337,8.51843030143428E+17,31.3363,0.0387,810.1725,-102.44,0.058,39.898,0.073,290,873.38,15,0,56628000,12847.0,6.3058,2E-04,30978000,59604.0,6.6238,0.0021,35879000,46987.0,5.8748,0.0014,0.7489,-18.74,0.16,6009.0,0.394,0.184,1.38,2.252,155.061684,53.779412
Gaia DR2 1029035891669372800,127.216441,0.0342,53.861994,0.0254,1.02903589166937E+18,23.7608,0.0406,585.8312,74.539,0.065,-62.06,0.05,211,466.98,14,0,30412000,5952.5,6.9808,2E-04,16902000,23539.0,7.2815,0.0015,18839000,38966.0,6.5743,0.0022,0.7073,-6.79,0.18,6114.0,0.193,0.1025,1.29,2.096,127.215897,53.862261
Gaia DR2 2005798350576886144,333.97716,0.0266,54.673193,0.0253,2.00579835057689E+18,45.5261,0.0313,1454.7065,212.545,0.055,70.302,0.053,237,367.67,15,0,23359000,7353.2,7.2672,3E-04,11399000,11720.0,7.7092,0.0011,16579000,25329.0,6.713,0.0017,0.9962,-7.86,0.15,5319.0,0.06,0.037,0.8,0.465,333.975578,54.67289
Gaia DR2 410846061755266816,20.153237,0.0389,54.961997,0.0393,4.10846061755267E+17,29.7041,0.0538,551.9391,-92.451,0.085,-82.292,0.089,174,332.88,13,0,28344000,6578.4,7.0572,3E-04,15475000,19845.0,7.3773,0.0014,17983000,33951.0,6.6248,0.002,0.7525,-8.21,0.16,5970.0,0.0645,0.0213,1.05,1.256,20.153931,54.962351
Gaia DR2 1566224665609504128,198.405076,0.0213,56.708187,0.0187,1.5662246656095E+18,39.7005,0.024,1653.2704,111.549,0.041,-18.763,0.037,293,504.66,18,0,41551000,10020.0,6.6419,3E-04,22259000,45215.0,6.9826,0.0022,26761000,66971.0,6.1932,0.0027,0.7895,-8.58,0.14,5885.25,0.0962,0.0482,0.98,1.035,198.404201,56.708267
Gaia DR2 998074365785799552,94.049705,0.0478,56.933563,0.0482,9.980743657858E+17,20.121,0.0421,478.1843,-208.311,0.083,-185.755,0.076,202,374.4,12,0,22238000,5505.8,7.3206,3E-04,12117000,17156.0,7.6429,0.0015,14135000,24663.0,6.8862,0.0019,0.7567,22.54,0.23,5925.25,0.2865,0.1337,1.39,2.152,94.051348,56.934363
Gaia DR2 460050169170768128,47.108402,0.025,57.012454,0.0207,4.60050169170768E+17,30.7916,0.0319,963.9011,130.169,0.065,-107.777,0.057,267,539.22,13,0,47732000,11465.0,6.4913,3E-04,25853000,45080.0,6.8201,0.0019,30288000,57876.0,6.0587,0.0021,0.7614,4.19,0.13,6001.0,0.151,0.0955,1.3,1.966,47.107373,57.012919
Gaia DR2 2009481748875806976,348.337203,0.0718,57.169626,0.0662,2.00948174887581E+18,153.0808,0.0895,1710.3546,2074.517,0.137,294.936,0.123,309,4555.61,18,0,155670000,229970.0,5.2079,0.0016,66879000,112100.0,5.7882,0.0018,118200000,426110.0,4.5804,0.0039,1.2078,-18.64,0.19,4787.33,0.1995,0.14,0.8,0.305,348.320729,57.168355
Gaia DR2 425040000959067008,12.280886,0.0249,57.815804,0.0307,4.25040000959067E+17,168.7521,0.0377,4478.9243,1144.574,0.052,-469.382,0.048,322,658.94,16,0,37450000,13474.0,6.7547,4E-04,12246000,24828.0,7.6314,0.0022,36109000,65232.0,5.8679,0.002,1.7635,10.45,0.14,4091.89,0.5025,0.2182,0.57,0.082,12.271634,57.817825
Gaia DR2 423075173680043904,1.567845,0.0344,58.436857,0.0309,4.23075173680044E+17,47.8005,0.0438,1091.0173,237.89,0.064,36.693,0.052,302,1254.72,17,0,62929000,48009.0,6.1912,8E-04,35083000,928480.0,6.4886,0.0287,43708000,1375400.0,5.6605,0.0342,0.8281,,,5694.5,0.167,0.0617,1.07,1.094,1.565888,58.436699
Gaia DR2 856774374153131008,170.371463,0.0325,58.484485,0.0403,8.56774374153131E+17,24.24,0.0486,498.8596,41.329,0.057,28.415,0.076,288,624.81,16,0,18916000,3473.6,7.4963,2E-04,10108000,12795.0,7.8398,0.0014,12367000,16442.0,7.0313,0.0014,0.8085,6.96,0.17,5832.33,0.1685,0.0815,1.1,1.267,170.371123,58.484362
Gaia DR2 1659915425801141632,211.21342,0.0297,58.867583,0.0242,1.65991542580114E+18,21.387,0.0328,652.5156,-179.803,0.058,18.206,0.051,216,474.26,17,0,20007000,3831.8,7.4354,2E-04,10888000,15205.0,7.759,0.0015,12729000,19866.0,7.0,0.0017,0.759,-32.39,0.17,5962.33,0.1193,0.0772,1.23,1.711,211.214917,58.867505
Gaia DR2 2235968637250218368,297.064507,0.0339,59.423404,0.0331,2.23596863725022E+18,36.3486,0.0353,1028.43,16.328,0.067,116.72,0.059,152,319.99,13,0,47772000,14529.0,6.4904,3E-04,26057000,47641.0,6.8116,0.002,29965000,113010.0,6.0704,0.0041,0.7412,-5.22,0.16,6009.0,0.087,0.043,1.1,1.412,297.064369,59.422901
Gaia DR2 507960391923112704,31.069157,0.0219,60.244064,0.0258,5.07960391923113E+17,23.0062,0.033,696.363,-23.71,0.031,-60.371,0.062,643,1231.0,18,1,24348000,2915.2,7.2222,1E-04,13630000,7040.0,7.5152,6E-04,15112000,11148.0,6.8136,8E-04,0.7016,0.01,0.13,6137.0,0.157,0.077,1.18,1.789,31.069363,60.244323
Gaia DR2 1581755198631836672,186.27268,0.0263,60.697331,0.0219,1.58175519863184E+18,24.8181,0.0281,882.224,145.817,0.048,-5.735,0.044,280,574.45,19,0,24069000,4992.8,7.2347,2E-04,13152000,17148.0,7.5539,0.0014,15332000,36284.0,6.7979,0.0026,0.756,-48.97,0.15,5918.9,0.115,0.062,1.18,1.532,186.271397,60.697356
Gaia DR2 1666363752260368640,215.62039,0.029,60.965356,0.0234,1.66636375226037E+18,23.924,0.0292,819.1305,-10.104,0.058,-81.242,0.049,212,392.5,16,0,23218000,4825.7,7.2738,2E-04,12714000,17111.0,7.5906,0.0015,14666000,27711.0,6.8461,0.0021,0.7445,-2.83,0.15,6060.67,0.065,0.032,1.14,1.581,215.620479,60.965705
Gaia DR2 1580311917821099776,192.199705,0.0241,61.378818,0.0209,1.5803119178211E+18,25.3675,0.0267,949.9921,-555.455,0.048,100.386,0.042,267,446.74,19,0,25112000,4783.9,7.1887,2E-04,13415000,16041.0,7.5324,0.0013,16281000,33374.0,6.7327,0.0022,0.7997,-21.02,0.14,5865.0,0.226,0.116,1.2,1.534,192.204698,61.378386
Gaia DR2 1661568850770761600,209.383291,0.0236,61.493792,0.0211,1.66156885077076E+18,99.2285,0.0232,4281.4,-32.074,0.063,216.317,0.049,232,466.82,16,0,65113000,20107.0,6.1542,3E-04,28173000,98002.0,6.7268,0.0038,51000000,107100.0,5.493,0.0023,1.2338,-26.75,0.18,4840.29,0.311,0.1515,0.78,0.3,209.38358,61.492861
Gaia DR2 466294295706341760,46.046714,0.0245,61.702844,0.0219,4.66294295706342E+17,42.3978,0.0288,1470.7485,723.331,0.038,-691.7,0.049,360,723.74,16,0,48799000,8690.3,6.4673,2E-04,25756000,19204.0,6.8242,8E-04,32250000,50140.0,5.9906,0.0017,0.8336,-2.33,0.13,5727.0,0.109,0.0535,1.05,1.076,46.040144,61.705822
Gaia DR2 478240661338191360,75.889738,0.0357,63.087305,0.0316,4.78240661338191E+17,31.0754,0.0444,700.244,101.97,0.061,316.187,0.06,194,300.94,13,0,19977000,4242.4,7.437,2E-04,10495000,14377.0,7.7989,0.0015,13278000,25052.0,6.9541,0.002,0.8449,-26.02,0.18,5711.0,0.042,0.013,0.93,0.821,75.888768,63.085944
Gaia DR2 1665517334465010432,201.495654,0.0247,63.262227,0.02,1.66551733446501E+18,47.8275,0.0248,1929.5801,-392.657,0.045,220.802,0.038,233,507.84,20,0,56385000,12459.0,6.3104,2E-04,28682000,76597.0,6.7074,0.0029,38038000,92141.0,5.8114,0.0026,0.896,-30.99,0.16,5578.0,0.2347,0.1247,1.06,0.988,201.499412,63.261276
Gaia DR2 467468196170006144,43.096762,0.0243,63.409312,0.0286,4.67468196170006E+17,33.297,0.0324,1028.5571,177.656,0.042,-111.808,0.06,415,858.57,15,0,41045000,18534.0,6.6552,5E-04,22566000,45029.0,6.9678,0.0022,25767000,43212.0,6.2343,0.0018,0.7335,-10.17,0.14,6050.0,0.0893,0.03,1.09,1.444,43.095053,63.409793
Gaia DR2 2208601827199381632,347.60318,0.0309,64.529655,0.0277,2.20860182719938E+18,27.7379,0.0349,795.8891,60.359,0.057,-50.095,0.051,209,374.04,17,0,33051000,10079.0,6.8904,3E-04,18419000,22114.0,7.1882,0.0013,20454000,48089.0,6.4849,0.0026,0.7032,-4.12,0.14,6090.25,0.032,0.015,1.16,1.673,347.602575,64.529871
Gaia DR2 1056358927417808384,173.528915,0.027,65.241602,0.0256,1.05635892741781E+18,23.5425,0.0325,724.7204,-50.105,0.049,-216.387,0.051,245,613.38,19,0,25998000,6359.3,7.151,3E-04,14520000,19867.0,7.4465,0.0015,16083000,29712.0,6.746,0.002,0.7005,-30.67,0.18,6148.5,0.12,0.063,1.19,1.824,173.52943,65.242534
Gaia DR2 515529086369122176,34.356602,0.0239,65.262037,0.0282,5.15529086369122E+17,22.4468,0.0393,571.5518,-36.233,0.041,-13.885,0.056,316,626.89,17,0,19285000,5159.2,7.4753,3E-04,10674000,12158.0,7.7805,0.0012,12087000,25581.0,7.0561,0.0023,0.7245,-12.26,0.17,6057.0,0.03,0.014,1.11,1.492,34.356975,65.262097
Gaia DR2 1621217529945980800,225.746193,0.0272,65.777738,0.025,1.62121752994598E+18,25.2759,0.0269,938.3266,72.774,0.052,-125.331,0.053,188,437.76,16,0,24966000,7476.9,7.195,3E-04,13823000,33561.0,7.4998,0.0026,15521000,37233.0,6.7846,0.0026,0.7152,-2.76,0.18,6131.25,0.018,0.013,1.09,1.52,225.74543,65.778278
Gaia DR2 2219266368432568320,329.266482,0.0346,66.029565,0.0329,2.21926636843257E+18,24.9424,0.0329,758.0124,111.776,0.061,77.86,0.06,180,314.35,12,0,26016000,6116.9,7.1502,3E-04,14257000,16753.0,7.4663,0.0013,16375000,31587.0,6.7265,0.0021,0.7399,-13.79,0.14,6038.0,0.0672,0.0335,1.17,1.631,329.265298,66.02923
Gaia DR2 2212723140372479872,340.230315,0.0227,66.525108,0.0266,2.21272314037248E+18,32.9465,0.0279,1182.3673,216.612,0.044,389.332,0.047,270,446.02,17,0,22935000,5010.7,7.2871,2E-04,12077000,17280.0,7.6465,0.0016,15147000,30655.0,6.8111,0.0022,0.8353,-47.5,0.18,5755.0,0.059,0.0295,0.92,0.836,340.227974,66.523432
Gaia DR2 2246581329639103872,304.385667,0.035,66.85497,0.0348,2.2465813296391E+18,57.2564,0.0371,1542.4448,468.619,0.073,297.538,0.064,213,943.23,15,0,94312000,60079.0,5.7519,7E-04,50867000,90363.0,6.0853,0.0019,60004000,128330.0,5.3165,0.0023,0.7688,-4.33,0.18,5974.0,0.03,0.029,0.99,1.125,304.380535,66.853689
Gaia DR2 2257140386478701568,279.098481,0.0273,66.912997,0.0302,2.2571403864787E+18,27.6864,0.0324,855.5564,69.414,0.057,-56.918,0.046,220,366.38,16,0,20386000,2528.2,7.4151,1E-04,10902000,4781.7,7.7576,5E-04,13215000,10101.0,6.9593,8E-04,0.7983,-6.79,0.13,5855.75,0.093,0.045,0.99,1.046,279.097718,66.913242
Gaia DR2 2256183639561630208,284.203927,0.0257,68.292371,0.0298,2.25618363956163E+18,23.1067,0.028,824.4806,-112.402,0.048,-2.694,0.055,199,305.46,16,0,19434000,5107.7,7.467,3E-04,10342000,15679.0,7.8149,0.0016,12586000,28420.0,7.0122,0.0025,0.8027,-18.01,0.16,5841.25,0.2467,0.116,1.17,1.432,284.205235,68.292383
Gaia DR2 2213415145505277824,346.282314,0.0289,68.417766,0.0331,2.21341514550528E+18,33.7034,0.0344,979.2607,592.421,0.054,162.893,0.057,206,342.28,17,0,22548000,4422.2,7.3056,2E-04,11800000,17812.0,7.6717,0.0016,14986000,28542.0,6.8227,0.0021,0.849,-15.83,0.16,5648.0,0.0197,0.011,0.93,0.791,346.27538,68.417065
Gaia DR2 520153632273949312,25.528913,0.023,69.085971,0.0236,5.20153632273949E+17,22.048,0.0302,728.8966,184.388,0.047,-7.111,0.052,284,474.16,19,0,20724000,8488.6,7.3972,4E-04,11532000,23985.0,7.6966,0.0023,12895000,29314.0,6.9859,0.0025,0.7108,11.46,0.17,6103.25,0.0403,0.018,1.15,1.66,25.526689,69.086001
Gaia DR2 532870034006715264,15.74115,0.0276,69.226431,0.0296,5.32870034006715E+17,37.8145,0.0328,1154.3712,224.237,0.052,-146.841,0.049,262,379.31,18,1,19532000,6178.8,7.4615,3E-04,9851300,15427.0,7.8677,0.0017,13471000,23045.0,6.9384,0.0019,0.9292,-20.04,0.14,5458.5,0.092,0.042,0.83,0.554,15.738428,69.227063
Gaia DR2 493935296471302784,62.3969,0.0234,69.540106,0.0293,4.93935296471303E+17,53.284,0.0347,1533.6382,73.104,0.046,-298.53,0.056,269,363.12,18,0,20354000,3893.6,7.4167,2E-04,9293700,8493.4,7.9309,0.001,15408000,18486.0,6.7925,0.0013,1.1384,-13.58,0.14,4918.07,0.197,0.109,0.78,0.319,62.395999,69.541391
Gaia DR2 1652932530531522432,244.887524,0.029,70.368689,0.0232,1.65293253053152E+18,22.8474,0.027,846.5685,64.615,0.059,27.247,0.046,219,511.89,17,0,20910000,7004.6,7.3875,4E-04,11634000,18543.0,7.687,0.0017,12963000,21188.0,6.9801,0.0018,0.7069,-3.5,0.24,6134.0,0.03,0.01,1.11,1.558,244.886696,70.368572
Gaia DR2 536088338900732544,12.448435,0.0272,70.450356,0.0258,5.36088338900732E+17,46.3449,0.0329,1408.0005,369.744,0.051,201.841,0.046,285,462.34,17,0,19066000,4538.2,7.4877,3E-04,8892800,12576.0,7.9788,0.0015,14133000,17464.0,6.8864,0.0013,1.0924,-31.64,0.15,5103.0,0.033,0.016,0.79,0.379,12.443678,70.449487
Gaia DR2 2272191085754928768,321.320511,0.0253,70.47771,0.0284,2.27219108575493E+18,37.9131,0.0279,1360.3982,40.601,0.048,39.564,0.051,225,491.73,19,0,27266000,5765.6,7.0993,2E-04,14470000,23493.0,7.4502,0.0018,17766000,54320.0,6.638,0.0033,0.8123,-76.43,0.17,5859.0,0.0422,0.018,0.84,0.746,321.319988,70.477539
Gaia DR2 1647986068237087104,239.586863,0.0266,70.895539,0.03,1.64798606823709E+18,33.7715,0.0284,1190.2102,-57.533,0.055,255.566,0.065,185,386.45,15,0,26754000,5680.7,7.1199,2E-04,14340000,42773.0,7.46,0.0032,17419000,69957.0,6.6594,0.0044,0.8006,-8.58,0.16,5817.0,0.0595,0.027,0.95,0.924,239.58762,70.894439
Gaia DR2 2230411842921279232,332.683545,0.0227,71.127931,0.0273,2.23041184292128E+18,22.7804,0.0277,822.6482,55.389,0.047,-73.62,0.05,238,435.43,17,0,21839000,5081.0,7.3403,3E-04,11770000,13691.0,7.6745,0.0013,13991000,27959.0,6.8973,0.0022,0.7772,19.45,0.15,5963.75,0.115,0.0607,1.2,1.646,332.682807,71.128248
Gaia DR2 522135261462534528,32.288596,0.0207,71.550977,0.0199,5.22135261462535E+17,36.9275,0.0257,1435.616,306.975,0.038,-239.134,0.04,288,660.5,19,0,50469000,13726.0,6.4308,3E-04,27983000,38046.0,6.7341,0.0015,31419000,52025.0,6.0189,0.0018,0.7152,0.59,0.19,6091.5,0.06,0.0187,1.08,1.441,32.284419,71.552007
Gaia DR2 1689791802427582592,188.393605,0.0366,72.478952,0.0293,1.68979180242758E+18,20.0125,0.0329,608.1081,90.921,0.076,-36.356,0.064,203,768.91,16,0,21418000,5530.1,7.3614,3E-04,11881000,19137.0,7.6642,0.0017,13290000,34479.0,6.9531,0.0028,0.7112,-24.02,8.17,6128.0,0.224,0.1223,1.28,2.08,188.392304,72.479109
Gaia DR2 1078773262224027520,168.79349,0.0236,73.475689,0.0211,1.07877326222403E+18,69.1217,0.0251,2749.7424,-403.471,0.045,112.325,0.046,277,404.33,18,0,22713000,8818.6,7.2977,4E-04,9719900,18689.0,7.8822,0.0021,18059000,54664.0,6.6202,0.0033,1.2621,8.55,0.16,4721.0,0.211,0.087,0.71,0.223,168.799597,73.475205
Gaia DR2 1137739658505552256,129.311271,0.0181,77.047105,0.0233,1.13773965850555E+18,22.7032,0.0236,962.0839,55.509,0.037,73.577,0.042,290,737.75,18,0,26028000,5075.9,7.1498,2E-04,14468000,24373.0,7.4504,0.0018,16153000,34685.0,6.7413,0.0023,0.7091,-36.81,0.54,6151.67,0.0498,0.0325,1.23,1.963,129.310205,77.046788
Gaia DR2 561358895674283520,38.418004,0.0235,77.667803,0.0234,5.61358895674284E+17,27.0629,0.0285,950.2148,28.132,0.045,112.829,0.049,248,711.74,17,0,18921000,4044.5,7.496,2E-04,9828900,11809.0,7.8701,0.0013,12619000,24772.0,7.0093,0.0021,0.8608,-40.13,0.41,5678.5,0.1683,0.077,1.05,1.027,38.417436,77.667317
Gaia DR2 2282846074981010688,349.865586,0.0243,79.003832,0.0238,2.28284607498101E+18,52.7325,0.0279,1888.4137,203.464,0.044,72.449,0.039,241,354.24,18,0,23050000,19447.0,7.2817,9E-04,10744000,36773.0,7.7735,0.0037,17003000,62747.0,6.6856,0.004,1.0879,-17.11,0.2,5114.5,0.0927,0.0503,0.76,0.353,349.860994,79.00352
Gaia DR2 1720995598827435648,232.290767,0.0365,80.449065,0.0286,1.72099559882744E+18,45.8577,0.0328,1398.8314,-225.109,0.069,107.575,0.06,186,569.96,15,0,49292000,39407.0,6.4564,9E-04,25926000,85614.0,6.8171,0.0036,32290000,107500.0,5.9892,0.0036,0.8278,-16.43,0.16,5726.0,0.0483,0.027,0.98,0.929,232.296608,80.448602
Gaia DR2 1146155904619763712,134.092868,0.0272,83.886894,0.0311,1.14615590461976E+18,23.5489,0.0329,714.9549,-142.858,0.058,-113.878,0.053,194,383.84,17,0,21786000,4878.5,7.3429,2E-04,12132000,17252.0,7.6416,0.0015,13500000,36681.0,6.9361,0.003,0.7055,11.62,0.18,6123.0,0.015,0.0088,1.1,1.529,134.098645,83.887384